{"background":{"backgroundImage":{"path":"Bg_Retro 9.png","type":"file"},"blurValue":0.0,"canModifyValue":false,"isBlur":false,"type":"blur"},"frameWidth":0.0,"height":1480.0,"items":[{"sticker":{"itemAttrs":{"canModify":true,"itemID":"Replace_Image 1","shape":{"figma":{"height":710.5276064917924,"left":80.89941406250006,"rotation":8.555897364672138,"top":216.9264373779297,"width":822.2121797281245}},"textAngle":0.0},"sticker":{"path":"Replace_Image 1.png","type":"file"}}},{"sticker":{"itemAttrs":{"canModify":true,"itemID":"Replace_Image 2","shape":{"figma":{"height":523.7878434105944,"left":215.72998046875,"rotation":-13.481426600146529,"top":759.1132202148438,"width":500.82962190431635}},"textAngle":0.0},"sticker":{"path":"Replace_Image 2.png","type":"file"}}}],"width":1080.0}