{"background":{"backgroundImage":{"path":"Bg_Art 10.png","type":"file"},"blurValue":0.0,"canModifyValue":false,"isBlur":false,"type":"blur"},"frameWidth":0.0,"height":1480.0,"items":[{"sticker":{"itemAttrs":{"canModify":false,"itemId":"Fixed_ 02","shape":{"figma":{"height":973.0,"left":68.0,"rotation":-0.0,"top":128.0,"width":871.0}},"textAngle":0.0},"sticker":{"path":"Fixed_ 02.png","type":"file"}}},{"sticker":{"itemAttrs":{"canModify":true,"itemId":"Replace_Image 01","shape":{"figma":{"height":682.1957609084327,"left":237.783203125,"rotation":-9.272933080549166,"top":190.6328125,"width":658.2590536229253}},"textAngle":0.0},"sticker":{"path":"Replace_Image 01.png","type":"file"}}},{"sticker":{"itemAttrs":{"canModify":false,"itemId":"Fixed_ 01","shape":{"figma":{"height":717.0,"left":0.0,"rotation":-0.0,"top":763.0,"width":1080.0}},"textAngle":0.0},"sticker":{"path":"Fixed_ 01.png","type":"file"}}}],"width":1080.0}