{"background":{"backgroundImage":{"path":"Bg_Life 5.png","type":"file"},"blurValue":0.0,"canModifyValue":false,"isBlur":false,"type":"blur"},"frameWidth":0.0,"height":1480.0,"items":[{"sticker":{"itemAttrs":{"canModify":true,"itemId":"Replace_Image 1","shape":{"figma":{"height":285.8900146484375,"left":93.853271484375,"rotation":-4.969616689786745E-17,"top":340.375,"width":285.8900146484375}},"textAngle":0.0},"sticker":{"path":"Replace_Image 1.png","type":"file"}}},{"sticker":{"itemAttrs":{"canModify":true,"itemId":"Replace_Image 2","shape":{"figma":{"height":285.8900146484375,"left":93.853271484375,"rotation":-4.969616689786745E-17,"top":646.2109375,"width":285.8900146484375}},"textAngle":0.0},"sticker":{"path":"Replace_Image 2.png","type":"file"}}},{"sticker":{"itemAttrs":{"canModify":true,"itemId":"Replace_Image 4","shape":{"figma":{"height":285.8900146484375,"left":93.853271484375,"rotation":-4.969616689786745E-17,"top":952.02734375,"width":285.8900146484375}},"textAngle":0.0},"sticker":{"path":"Replace_Image 4.png","type":"file"}}},{"sticker":{"itemAttrs":{"canModify":true,"itemId":"Replace_Image 3","shape":{"figma":{"height":591.7010498046875,"left":396.35400390625,"rotation":-4.969616689786745E-17,"top":337.7568359375,"width":589.2742309570312}},"textAngle":0.0},"sticker":{"path":"Replace_Image 3.png","type":"file"}}},{"sticker":{"itemAttrs":{"canModify":true,"itemId":"Replace_Image 5","shape":{"figma":{"height":285.8900146484375,"left":397.06982421875,"rotation":-4.969616689786745E-17,"top":950.2734375,"width":285.8900146484375}},"textAngle":0.0},"sticker":{"path":"Replace_Image 5.png","type":"file"}}},{"sticker":{"itemAttrs":{"canModify":true,"itemId":"Replace_Image 6","shape":{"figma":{"height":285.8900146484375,"left":699.884521484375,"rotation":-4.969616689786745E-17,"top":948.5390625,"width":285.8900146484375}},"textAngle":0.0},"sticker":{"path":"Replace_Image 6.png","type":"file"}}},{"sticker":{"itemAttrs":{"canModify":false,"itemId":"Fixed_ 2","shape":{"figma":{"height":83.0,"left":744.0,"rotation":-0.0,"top":1234.0,"width":294.0}},"textAngle":0.0},"sticker":{"path":"Fixed_ 2.png","type":"file"}}},{"sticker":{"itemAttrs":{"canModify":false,"itemId":"Fixed_ 1","shape":{"figma":{"height":266.0,"left":16.0,"rotation":-0.0,"top":151.0,"width":537.0}},"textAngle":0.0},"sticker":{"path":"Fixed_ 1.png","type":"file"}}}],"width":1080.0}