{"background":{"backgroundImage":{"path":"Bg_Selfie 5.png","type":"file"},"blurValue":0.0,"canModifyValue":false,"isBlur":false,"type":"blur"},"frameWidth":0.0,"height":1480.0,"items":[{"sticker":{"itemAttrs":{"canModify":true,"itemId":"Replace_Image 1","shape":{"figma":{"height":734.0,"left":173.0,"rotation":-0.0,"top":327.0,"width":717.0}},"textAngle":0.0},"sticker":{"path":"Replace_Image 1.png","type":"file"}}},{"sticker":{"itemAttrs":{"canModify":false,"itemId":"Fixed_ 1","shape":{"figma":{"height":932.0,"left":74.0,"rotation":-0.0,"top":234.0,"width":932.0}},"textAngle":0.0},"sticker":{"path":"Fixed_ 1.png","type":"file"}}},{"sticker":{"itemAttrs":{"canModify":false,"itemId":"Element_ 1","shape":{"figma":{"height":59.0,"left":340.0,"rotation":0.0,"top":1251.0,"width":400.0}},"textAngle":0.0},"sticker":{"path":"Element_ 1.png","type":"file"}}}],"width":1080.0}