{"background":{"backgroundImage":{"path":"Bg_Family 9.png","type":"file"},"blurValue":0.0,"canModifyValue":false,"isBlur":false,"type":"blur"},"frameWidth":0.0,"height":1480.0,"items":[{"sticker":{"itemAttrs":{"canModify":true,"itemId":"Replace_Image 01","shape":{"figma":{"height":820.0,"left":124.0,"rotation":-0.0,"top":337.0,"width":833.0}},"textAngle":0.0},"sticker":{"path":"Replace_Image 01.png","type":"file"}}},{"sticker":{"itemAttrs":{"canModify":false,"itemId":"Fixed_ 02","shape":{"figma":{"height":334.0,"left":477.0,"rotation":-0.0,"top":52.0,"width":480.0}},"textAngle":0.0},"sticker":{"path":"Fixed_ 02.png","type":"file"}}},{"text":{"itemAttrs":{"canModify":true,"itemId":"461:339","shape":{"figma":{"height":188.0,"left":357.0,"rotation":9.213866198408551E-15,"top":653.0,"width":365.99999999999994}},"textAngle":-9.213866198408551E-15},"textAttrs":{"alignment":0.0,"backgroundAlpha":255.0,"backgroundBorder":0.0,"backgroundColor":0.0,"fontFamily":"Ibarra Real Nova","fontIndex":26.0,"gravity":0.0,"isAutoFill":false,"isBold":false,"isRTL":false,"isShowBackground":false,"isStrike":false,"isStroke":false,"isUnderline":false,"letterSpacing":0.0,"lineSpacingMultiplier":1.0,"paddingHeight":0.0,"paddingWidth":0.0,"skewX":0.0,"strokeWidth":1.0,"text":"Cozy family","textAlpha":255.0,"textColor":-1,"textShaderIndex":-1.0,"textShadowIndex":0.0,"textSize":75.0,"textStyle":0.0}}},{"sticker":{"itemAttrs":{"canModify":false,"itemId":"Fixed_ 01","shape":{"figma":{"height":100.79420186284293,"left":94.00000000000001,"rotation":26.663062684413195,"top":196.23071289062472,"width":100.7942018628419}},"textAngle":0.0},"sticker":{"path":"Fixed_ 01.png","type":"file"}}}],"width":1080.0}