{"background":{"backgroundImage":{"path":"Bg_Postcard 2.png","type":"file"},"blurValue":0.0,"canModifyValue":false,"isBlur":false,"type":"blur"},"frameWidth":0.0,"height":1480.0,"items":[{"sticker":{"itemAttrs":{"canModify":true,"itemID":"1_Photos 1","shape":{"figma":{"height":1004.0,"left":174.0,"rotation":0.0,"top":426.0,"width":856.0}},"textAngle":0.0},"sticker":{"path":"1_Photos 1.png","type":"file"}}},{"text":{"itemAttrs":{"canModify":true,"itemID":"77:204","shape":{"figma":{"height":71.0,"left":902.0,"rotation":0.0,"top":333.0,"width":128.0}},"textAngle":0.0},"textAttrs":{"alignment":0.0,"backgroundAlpha":255.0,"backgroundBorder":0.0,"backgroundColor":0.0,"fontFamily":"Tilt Warp","fontIndex":26.0,"gravity":0.0,"isAutoFill":false,"isBold":false,"isRTL":false,"isShowBackground":false,"isStrike":false,"isStroke":false,"isUnderline":false,"letterSpacing":0.0,"lineSpacingMultiplier":1.0,"paddingHeight":0.0,"paddingWidth":0.0,"skewX":0.0,"strokeWidth":1.0,"text":"2024","textAlpha":255.0,"textColor":-16777216,"textShaderIndex":-1.0,"textShadowIndex":0.0,"textSize":56.0,"textStyle":0.0}}},{"text":{"itemAttrs":{"canModify":true,"itemID":"77:205","shape":{"figma":{"height":171.0,"left":534.0,"rotation":0.0,"top":66.0,"width":496.0}},"textAngle":0.0},"textAttrs":{"alignment":0.0,"backgroundAlpha":255.0,"backgroundBorder":0.0,"backgroundColor":0.0,"fontFamily":"Roboto","fontIndex":26.0,"gravity":0.0,"isAutoFill":false,"isBold":false,"isRTL":false,"isShowBackground":false,"isStrike":false,"isStroke":false,"isUnderline":false,"letterSpacing":0.0,"lineSpacingMultiplier":1.0,"paddingHeight":0.0,"paddingWidth":0.0,"skewX":0.0,"strokeWidth":1.0,"text":"Dream","textAlpha":255.0,"textColor":-16777216,"textShaderIndex":-1.0,"textShadowIndex":0.0,"textSize":146.0,"textStyle":0.0}}},{"sticker":{"itemAttrs":{"canModify":false,"itemID":"Element 1","shape":{"figma":{"height":409.4472150206566,"left":143.2763671875,"rotation":0.0,"top":205.00098353624344,"width":409.4472150206566}},"textAngle":0.0},"sticker":{"path":"Element 1.png","type":"file"}}}],"width":1080.0}