{"background":{"backgroundImage":{"path":"Bg_Halloween 3.png","type":"file"},"blurValue":0.0,"canModifyValue":false,"isBlur":false,"type":"blur"},"frameWidth":0.0,"height":1480.0,"items":[{"sticker":{"itemAttrs":{"canModify":true,"itemId":"Replace_Image 1","shape":{"figma":{"height":1267.0,"left":78.0,"rotation":-0.0,"top":107.0,"width":924.0}},"textAngle":0.0},"sticker":{"path":"Replace_Image 1.png","type":"file"}}},{"sticker":{"itemAttrs":{"canModify":false,"itemId":"Fixed_ 1","shape":{"figma":{"height":923.0,"left":-2.0,"rotation":-0.0,"top":558.0,"width":1084.0}},"textAngle":0.0},"sticker":{"path":"Fixed_ 1.png","type":"file"}}},{"sticker":{"itemAttrs":{"canModify":false,"itemId":"Element_1","shape":{"figma":{"height":306.0,"left":274.0,"rotation":0.0,"top":98.0,"width":532.0}},"textAngle":0.0},"sticker":{"path":"Element_1.png","type":"file"}}}],"width":1080.0}