{"background":{"backgroundImage":{"path":"Bg_Postcard 1.png","type":"file"},"blurValue":0.0,"canModifyValue":false,"isBlur":false,"type":"blur"},"frameWidth":0.0,"height":1480.0,"items":[{"sticker":{"itemAttrs":{"canModify":true,"itemID":"Replace_Image 1","shape":{"figma":{"height":1297.0,"left":298.0,"rotation":-0.0,"top":103.0,"width":702.0}},"textAngle":0.0},"sticker":{"path":"Replace_Image 1.png","type":"file"}}},{"text":{"itemAttrs":{"canModify":true,"itemID":"77:305","shape":{"figma":{"height":85.00000762939476,"left":254.9999999999999,"rotation":90.00000250447806,"top":361.0,"width":180.0000000000002}},"textAngle":-90.00000250447806},"textAttrs":{"alignment":0.0,"backgroundAlpha":255.0,"backgroundBorder":0.0,"backgroundColor":0.0,"fontFamily":"Tilt Warp","fontIndex":26.0,"gravity":0.0,"isAutoFill":false,"isBold":false,"isRTL":false,"isShowBackground":false,"isStrike":false,"isStroke":false,"isUnderline":false,"letterSpacing":0.0,"lineSpacingMultiplier":1.0,"paddingHeight":0.0,"paddingWidth":0.0,"skewX":0.0,"strokeWidth":1.0,"text":"2024","textAlpha":255.0,"textColor":-16777216,"textShaderIndex":-1.0,"textShadowIndex":0.0,"textSize":70.0,"textStyle":0.0}}},{"text":{"itemAttrs":{"canModify":true,"itemID":"77:306","shape":{"figma":{"height":44.00000000000001,"left":97.0,"rotation":9.826939576278036E-14,"top":512.0,"width":161.99999999999991}},"textAngle":-9.826939576278036E-14},"textAttrs":{"alignment":0.0,"backgroundAlpha":255.0,"backgroundBorder":0.0,"backgroundColor":0.0,"fontFamily":"Tilt Warp","fontIndex":26.0,"gravity":0.0,"isAutoFill":false,"isBold":false,"isRTL":false,"isShowBackground":false,"isStrike":false,"isStroke":false,"isUnderline":false,"letterSpacing":0.0,"lineSpacingMultiplier":1.0,"paddingHeight":0.0,"paddingWidth":0.0,"skewX":0.0,"strokeWidth":1.0,"text":"Discover","textAlpha":255.0,"textColor":-16777216,"textShaderIndex":-1.0,"textShadowIndex":0.0,"textSize":35.0,"textStyle":0.0}}}],"width":1080.0}