{"background":{"backgroundImage":{"path":"Bg_Family 7.png","type":"file"},"blurValue":0.0,"canModifyValue":false,"isBlur":false,"type":"blur"},"frameWidth":0.0,"height":1480.0,"items":[{"sticker":{"itemAttrs":{"canModify":true,"itemId":"Replace_Image 03","shape":{"figma":{"height":435.0,"left":65.0,"rotation":-0.0,"top":59.0,"width":950.0}},"textAngle":0.0},"sticker":{"path":"Replace_Image 03.png","type":"file"}}},{"sticker":{"itemAttrs":{"canModify":true,"itemId":"Replace_Image 02","shape":{"figma":{"height":472.0,"left":65.0,"rotation":-0.0,"top":487.0,"width":471.0}},"textAngle":0.0},"sticker":{"path":"Replace_Image 02.png","type":"file"}}},{"sticker":{"itemAttrs":{"canModify":true,"itemId":"Replace_Image 01","shape":{"figma":{"height":525.0,"left":65.0,"rotation":-0.0,"top":895.0,"width":950.0}},"textAngle":0.0},"sticker":{"path":"Replace_Image 01.png","type":"file"}}},{"text":{"itemAttrs":{"canModify":true,"itemId":"461:334","shape":{"figma":{"height":248.0,"left":582.0,"rotation":9.213866198408551E-15,"top":516.0,"width":427.99999999999994}},"textAngle":-9.213866198408551E-15},"textAttrs":{"alignment":0.0,"backgroundAlpha":255.0,"backgroundBorder":0.0,"backgroundColor":0.0,"fontFamily":"Ibarra Real Nova","fontIndex":26.0,"gravity":0.0,"isAutoFill":false,"isBold":false,"isRTL":false,"isShowBackground":false,"isStrike":false,"isStroke":false,"isUnderline":false,"letterSpacing":0.0,"lineSpacingMultiplier":1.0,"paddingHeight":0.0,"paddingWidth":0.0,"skewX":0.0,"strokeWidth":1.0,"text":"Cozy family","textAlpha":255.0,"textColor":-16777216,"textShaderIndex":-1.0,"textShadowIndex":0.0,"textSize":99.0,"textStyle":0.0}}}],"width":1080.0}