{"background":{"backgroundImage":{"path":"Bg_Life 8.png","type":"file"},"blurValue":0.0,"canModifyValue":false,"isBlur":false,"type":"blur"},"frameWidth":0.0,"height":1480.0,"items":[{"sticker":{"itemAttrs":{"canModify":true,"itemID":"Replace_Image 1","shape":{"figma":{"height":414.0,"left":112.0,"rotation":-4.969616689786745E-17,"top":220.0,"width":716.0}},"textAngle":0.0},"sticker":{"path":"Replace_Image 1.png","type":"file"}}},{"sticker":{"itemAttrs":{"canModify":true,"itemID":"Replace_Image 2","shape":{"figma":{"height":705.0,"left":252.0,"rotation":-4.8709208457492054E-17,"top":555.0,"width":716.0}},"textAngle":0.0},"sticker":{"path":"Replace_Image 2.png","type":"file"}}},{"sticker":{"itemAttrs":{"canModify":false,"itemID":"Fixed_ 1","shape":{"figma":{"height":27.0,"left":51.0,"rotation":-0.0,"top":39.0,"width":979.0}},"textAngle":0.0},"sticker":{"path":"Fixed_ 1.png","type":"file"}}},{"sticker":{"itemAttrs":{"canModify":false,"itemID":"Fixed_ 2","shape":{"figma":{"height":45.5,"left":44.0,"rotation":-0.0,"top":1375.0,"width":209.5}},"textAngle":0.0},"sticker":{"path":"Fixed_ 2.png","type":"file"}}}],"width":1080.0}