{"background":{"backgroundImage":{"path":"Bg_Life 8.png","type":"file"},"blurValue":0.0,"canModifyValue":false,"isBlur":false,"type":"blur"},"frameWidth":0.0,"height":1480.0,"items":[{"sticker":{"itemAttrs":{"canModify":true,"itemID":"1_photo 1","shape":{"figma":{"height":414.0,"left":112.0,"rotation":0.0,"top":220.0,"width":716.0}},"textAngle":0.0},"sticker":{"path":"1_photo 1.png","type":"file"}}},{"sticker":{"itemAttrs":{"canModify":true,"itemID":"1_photo 2","shape":{"figma":{"height":705.0,"left":252.0,"rotation":0.0,"top":555.0,"width":716.0}},"textAngle":0.0},"sticker":{"path":"1_photo 2.png","type":"file"}}},{"text":{"itemAttrs":{"canModify":true,"itemID":"55:433","shape":{"figma":{"height":69.0,"left":44.0,"rotation":0.0,"top":1363.0,"width":357.0}},"textAngle":0.0},"textAttrs":{"alignment":0.0,"backgroundAlpha":255.0,"backgroundBorder":0.0,"backgroundColor":0.0,"fontFamily":"Roboto","fontIndex":26.0,"gravity":0.0,"isAutoFill":false,"isBold":false,"isRTL":false,"isShowBackground":false,"isStrike":false,"isStroke":false,"isUnderline":false,"letterSpacing":0.0,"lineSpacingMultiplier":1.0,"paddingHeight":0.0,"paddingWidth":0.0,"skewX":0.0,"strokeWidth":1.0,"text":"@Lifestyle","textAlpha":255.0,"textColor":-1,"textShaderIndex":-1.0,"textShadowIndex":0.0,"textSize":46.0,"textStyle":0.0}}},{"text":{"itemAttrs":{"canModify":true,"itemID":"55:434","shape":{"figma":{"height":29.999999878063136,"left":43.99999475466393,"rotation":0.0,"top":40.0,"width":992.0000052453361}},"textAngle":1.0285032538055879E-5},"textAttrs":{"alignment":0.0,"backgroundAlpha":255.0,"backgroundBorder":0.0,"backgroundColor":0.0,"fontFamily":"Roboto","fontIndex":26.0,"gravity":0.0,"isAutoFill":false,"isBold":false,"isRTL":false,"isShowBackground":false,"isStrike":false,"isStroke":false,"isUnderline":false,"letterSpacing":0.0,"lineSpacingMultiplier":1.0,"paddingHeight":0.0,"paddingWidth":0.0,"skewX":0.0,"strokeWidth":1.0,"text":"Blooming youth, letting","textAlpha":255.0,"textColor":-1,"textShaderIndex":-1.0,"textShadowIndex":0.0,"textSize":30.0,"textStyle":0.0}}}],"width":1080.0}