{"background":{"backgroundImage":{"path":"null","type":"file"},"blurValue":0.0,"canModifyValue":false,"isBlur":false,"type":"blur"},"frameWidth":0.0,"height":1480.0,"items":[{"sticker":{"itemAttrs":{"canModify":true,"itemId":"Replace_Image 1","shape":{"figma":{"height":1480.0,"left":0.0,"rotation":-0.0,"top":0.0,"width":1078.0}},"textAngle":0.0},"sticker":{"path":"Replace_Image 1.png","type":"file"}}},{"sticker":{"itemAttrs":{"canModify":false,"itemId":"Fixed_ 2","shape":{"figma":{"height":888.0,"left":2.0,"rotation":-0.0,"top":592.0,"width":1080.0}},"textAngle":0.0},"sticker":{"path":"Fixed_ 2.png","type":"file"}}},{"sticker":{"itemAttrs":{"canModify":false,"itemId":"Fixed_ 1","shape":{"figma":{"height":390.0,"left":-2.0,"rotation":-0.0,"top":36.0,"width":1084.0}},"textAngle":0.0},"sticker":{"path":"Fixed_ 1.png","type":"file"}}}],"width":1080.0}