{"background":{"backgroundImage":{"path":"Bg_Travel 6.png","type":"file"},"blurValue":0.0,"canModifyValue":false,"isBlur":false,"type":"blur"},"frameWidth":0.0,"height":1480.0,"items":[{"sticker":{"itemAttrs":{"canModify":true,"itemID":"Replace_Image 02","shape":{"figma":{"height":442.0,"left":189.0,"rotation":-0.0,"top":900.0,"width":428.0}},"textAngle":0.0},"sticker":{"path":"Replace_Image 02.png","type":"file"}}},{"sticker":{"itemAttrs":{"canModify":false,"itemID":"Fixed_ 02","shape":{"figma":{"height":569.0,"left":91.0,"rotation":-0.0,"top":837.0,"width":569.0}},"textAngle":0.0},"sticker":{"path":"Fixed_ 02.png","type":"file"}}},{"sticker":{"itemAttrs":{"canModify":true,"itemID":"Replace_Image 01","shape":{"figma":{"height":473.0,"left":531.0,"rotation":-0.0,"top":234.0,"width":458.0}},"textAngle":0.0},"sticker":{"path":"Replace_Image 01.png","type":"file"}}},{"sticker":{"itemAttrs":{"canModify":false,"itemID":"Fixed_ 01","shape":{"figma":{"height":609.0,"left":426.0,"rotation":-0.0,"top":167.0,"width":609.0}},"textAngle":0.0},"sticker":{"path":"Fixed_ 01.png","type":"file"}}},{"text":{"itemAttrs":{"canModify":true,"itemID":"461:252","shape":{"figma":{"height":50.0,"left":115.0,"rotation":-0.0,"top":487.0,"width":269.0}},"textAngle":0.0},"textAttrs":{"alignment":0.0,"backgroundAlpha":255.0,"backgroundBorder":0.0,"backgroundColor":0.0,"fontFamily":"Ibarra Real Nova","fontIndex":26.0,"gravity":0.0,"isAutoFill":false,"isBold":false,"isRTL":false,"isShowBackground":false,"isStrike":false,"isStroke":false,"isUnderline":false,"letterSpacing":0.0,"lineSpacingMultiplier":1.0,"paddingHeight":0.0,"paddingWidth":0.0,"skewX":0.0,"strokeWidth":1.0,"text":"Adventure","textAlpha":255.0,"textColor":-13886965,"textShaderIndex":-1.0,"textShadowIndex":0.0,"textSize":40.0,"textStyle":0.0}}}],"width":1080.0}