{"background":{"backgroundImage":{"path":"Bg_Retro 3 .png","type":"file"},"blurValue":0.0,"canModifyValue":false,"isBlur":false,"type":"blur"},"frameWidth":0.0,"height":1480.0,"items":[{"sticker":{"itemAttrs":{"canModify":true,"itemID":"Replace_Image 1","shape":{"figma":{"height":1080.0,"left":0.0,"rotation":-0.0,"top":200.0,"width":1080.0}},"textAngle":0.0},"sticker":{"path":"Replace_Image 1.png","type":"file"}}},{"sticker":{"itemAttrs":{"canModify":false,"itemID":"Fixed_ 1","shape":{"figma":{"height":1038.0,"left":21.0,"rotation":-0.0,"top":221.0,"width":1038.0}},"textAngle":0.0},"sticker":{"path":"Fixed_ 1.png","type":"file"}}}],"width":1080.0}