{"background":{"backgroundImage":{"path":"Bg_Family 3.png","type":"file"},"blurValue":0.0,"canModifyValue":false,"isBlur":false,"type":"blur"},"frameWidth":0.0,"height":1480.0,"items":[{"sticker":{"itemAttrs":{"canModify":true,"itemID":"Replace_Image 03","shape":{"figma":{"height":419.9730527289297,"left":236.54492187499977,"rotation":-4.8545399903863995,"top":118.55249023437497,"width":521.4210812330934}},"textAngle":0.0},"sticker":{"path":"Replace_Image 03.png","type":"file"}}},{"sticker":{"itemAttrs":{"canModify":true,"itemID":"Replace_Image 02","shape":{"figma":{"height":419.9730527289297,"left":201.29492187499977,"rotation":-4.8545399903863995,"top":559.6019287109375,"width":521.4210812330934}},"textAngle":0.0},"sticker":{"path":"Replace_Image 02.png","type":"file"}}},{"sticker":{"itemAttrs":{"canModify":true,"itemID":"Replace_Image 01","shape":{"figma":{"height":419.9730527289297,"left":165.96191406249977,"rotation":-4.8545399903863995,"top":1007.23779296875,"width":521.4210812330934}},"textAngle":0.0},"sticker":{"path":"Replace_Image 01.png","type":"file"}}},{"sticker":{"itemAttrs":{"canModify":false,"itemID":"Fixed_ 03","shape":{"figma":{"height":1386.0,"left":0.0,"rotation":-0.0,"top":94.0,"width":850.0}},"textAngle":0.0},"sticker":{"path":"Fixed_ 03.png","type":"file"}}},{"sticker":{"itemAttrs":{"canModify":false,"itemID":"Fixed_ 01","shape":{"figma":{"height":440.0,"left":540.0,"rotation":-0.0,"top":22.0,"width":548.0}},"textAngle":0.0},"sticker":{"path":"Fixed_ 01.png","type":"file"}}},{"sticker":{"itemAttrs":{"canModify":false,"itemID":"Fixed_ 02","shape":{"figma":{"height":196.0,"left":816.0,"rotation":-0.0,"top":1216.0,"width":234.0}},"textAngle":0.0},"sticker":{"path":"Fixed_ 02.png","type":"file"}}}],"width":1080.0}