{"background":{"backgroundImage":{"path":"Bg_Retro 10.png","type":"file"},"blurValue":0.0,"canModifyValue":false,"isBlur":false,"type":"blur"},"frameWidth":0.0,"height":1480.0,"items":[{"sticker":{"itemAttrs":{"canModify":true,"itemID":"Replace_Image 1","shape":{"figma":{"height":1193.0,"left":78.00000000000009,"rotation":-3.1805546814635168E-15,"top":143.0,"width":923.9999999999999}},"textAngle":0.0},"sticker":{"path":"Replace_Image 1.png","type":"file"}}},{"sticker":{"itemAttrs":{"canModify":false,"itemID":"Element_ 1","shape":{"figma":{"height":477.0,"left":572.0,"rotation":0.0,"top":41.0,"width":545.0}},"textAngle":0.0},"sticker":{"path":"Element_ 1.png","type":"file"}}},{"text":{"itemAttrs":{"canModify":true,"itemID":"501:19","shape":{"figma":{"height":473.0,"left":23.0,"rotation":-0.0,"top":1027.0,"width":1034.0}},"textAngle":0.0},"textAttrs":{"alignment":0.0,"backgroundAlpha":255.0,"backgroundBorder":0.0,"backgroundColor":0.0,"fontFamily":"Anton","fontIndex":26.0,"gravity":0.0,"isAutoFill":false,"isBold":false,"isRTL":false,"isShowBackground":false,"isStrike":false,"isStroke":false,"isUnderline":false,"letterSpacing":0.0,"lineSpacingMultiplier":1.0,"paddingHeight":0.0,"paddingWidth":0.0,"skewX":0.0,"strokeWidth":1.0,"text":"Retro","textAlpha":255.0,"textColor":-9428951,"textShaderIndex":-1.0,"textShadowIndex":0.0,"textSize":360.0,"textStyle":0.0}}}],"width":1080.0}