{"background":{"backgroundImage":{"path":"Bg_Life 3.png","type":"file"},"blurValue":0.0,"canModifyValue":false,"isBlur":false,"type":"blur"},"frameWidth":0.0,"height":1480.0,"items":[{"sticker":{"itemAttrs":{"canModify":true,"itemId":"Replace_Image 1","shape":{"figma":{"height":330.0,"left":24.9849853515625,"rotation":-4.969616689786745E-17,"top":303.0,"width":330.0}},"textAngle":0.0},"sticker":{"path":"Replace_Image 1.png","type":"file"}}},{"sticker":{"itemAttrs":{"canModify":true,"itemId":"Replace_Image 2","shape":{"figma":{"height":330.0,"left":374.9849853515625,"rotation":-4.969616689786745E-17,"top":303.0,"width":330.0}},"textAngle":0.0},"sticker":{"path":"Replace_Image 2.png","type":"file"}}},{"sticker":{"itemAttrs":{"canModify":true,"itemId":"Replace_Image 3","shape":{"figma":{"height":330.0,"left":724.9849853515625,"rotation":-4.969616689786745E-17,"top":303.0,"width":330.0}},"textAngle":0.0},"sticker":{"path":"Replace_Image 3.png","type":"file"}}},{"sticker":{"itemAttrs":{"canModify":true,"itemId":"Replace_Image 4","shape":{"figma":{"height":330.0,"left":24.9849853515625,"rotation":-4.969616689786745E-17,"top":656.0,"width":330.0}},"textAngle":0.0},"sticker":{"path":"Replace_Image 4.png","type":"file"}}},{"sticker":{"itemAttrs":{"canModify":true,"itemId":"Replace_Image 5","shape":{"figma":{"height":330.0,"left":374.9849853515625,"rotation":-4.969616689786745E-17,"top":656.0,"width":330.0}},"textAngle":0.0},"sticker":{"path":"Replace_Image 5.png","type":"file"}}},{"sticker":{"itemAttrs":{"canModify":true,"itemId":"Replace_Image 7","shape":{"figma":{"height":330.0,"left":24.9849853515625,"rotation":-4.969616689786745E-17,"top":1009.0,"width":330.0}},"textAngle":0.0},"sticker":{"path":"Replace_Image 7.png","type":"file"}}},{"sticker":{"itemAttrs":{"canModify":true,"itemId":"Replace_Image 8","shape":{"figma":{"height":330.0,"left":374.9849853515625,"rotation":-4.969616689786745E-17,"top":1009.0,"width":330.0}},"textAngle":0.0},"sticker":{"path":"Replace_Image 8.png","type":"file"}}},{"sticker":{"itemAttrs":{"canModify":true,"itemId":"Replace_Image 6","shape":{"figma":{"height":330.0,"left":724.9849853515625,"rotation":-4.969616689786745E-17,"top":656.0,"width":330.0}},"textAngle":0.0},"sticker":{"path":"Replace_Image 6.png","type":"file"}}},{"sticker":{"itemAttrs":{"canModify":true,"itemId":"Replace_Image 0","shape":{"figma":{"height":330.0,"left":724.9849853515625,"rotation":-4.969616689786745E-17,"top":1009.0,"width":330.0}},"textAngle":0.0},"sticker":{"path":"Replace_Image 0.png","type":"file"}}},{"text":{"itemAttrs":{"canModify":true,"itemId":"55:355","shape":{"figma":{"height":46.0,"left":882.0,"rotation":-0.0,"top":205.0,"width":173.0}},"textAngle":0.0},"textAttrs":{"alignment":0.0,"backgroundAlpha":255.0,"backgroundBorder":0.0,"backgroundColor":0.0,"fontFamily":"UniDreamLED","fontIndex":26.0,"gravity":0.0,"isAutoFill":false,"isBold":false,"isRTL":false,"isShowBackground":false,"isStrike":false,"isStroke":false,"isUnderline":false,"letterSpacing":0.0,"lineSpacingMultiplier":1.0,"paddingHeight":0.0,"paddingWidth":0.0,"skewX":0.0,"strokeWidth":1.0,"text":"2024-10-21","textAlpha":255.0,"textColor":-1,"textShaderIndex":-1.0,"textShadowIndex":0.0,"textSize":40.0,"textStyle":0.0}}},{"text":{"itemAttrs":{"canModify":true,"itemId":"55:357","shape":{"figma":{"height":46.0,"left":48.0,"rotation":-0.0,"top":205.0,"width":59.0}},"textAngle":0.0},"textAttrs":{"alignment":0.0,"backgroundAlpha":255.0,"backgroundBorder":0.0,"backgroundColor":0.0,"fontFamily":"UniDreamLED","fontIndex":26.0,"gravity":0.0,"isAutoFill":false,"isBold":false,"isRTL":false,"isShowBackground":false,"isStrike":false,"isStroke":false,"isUnderline":false,"letterSpacing":0.0,"lineSpacingMultiplier":1.0,"paddingHeight":0.0,"paddingWidth":0.0,"skewX":0.0,"strokeWidth":1.0,"text":"UCR","textAlpha":255.0,"textColor":-1,"textShaderIndex":-1.0,"textShadowIndex":0.0,"textSize":40.0,"textStyle":0.0}}},{"sticker":{"itemAttrs":{"canModify":false,"itemId":"Fixed_ 1","shape":{"figma":{"height":14.0,"left":24.0,"rotation":-0.0,"top":221.0,"width":14.0}},"textAngle":0.0},"sticker":{"path":"Fixed_ 1.png","type":"file"}}}],"width":1080.0}