{"background":{"backgroundImage":{"path":"Bg_Life 2.png","type":"file"},"blurValue":0.0,"canModifyValue":false,"isBlur":false,"type":"blur"},"frameWidth":0.0,"height":1480.0,"items":[{"sticker":{"itemAttrs":{"canModify":true,"itemID":"1_photo 1","shape":{"figma":{"height":330.0,"left":24.9849853515625,"rotation":0.0,"top":306.985595703125,"width":330.0}},"textAngle":0.0},"sticker":{"path":"1_photo 1.png","type":"file"}}},{"sticker":{"itemAttrs":{"canModify":true,"itemID":"1_photo 4","shape":{"figma":{"height":330.0,"left":24.9849853515625,"rotation":0.0,"top":660.009033203125,"width":330.0}},"textAngle":0.0},"sticker":{"path":"1_photo 4.png","type":"file"}}},{"sticker":{"itemAttrs":{"canModify":true,"itemID":"1_photo 7","shape":{"figma":{"height":330.0,"left":24.9849853515625,"rotation":0.0,"top":1013.009033203125,"width":330.0}},"textAngle":0.0},"sticker":{"path":"1_photo 7.png","type":"file"}}},{"sticker":{"itemAttrs":{"canModify":true,"itemID":"1_photo 2","shape":{"figma":{"height":330.0,"left":374.9849853515625,"rotation":0.0,"top":304.985595703125,"width":330.0}},"textAngle":0.0},"sticker":{"path":"1_photo 2.png","type":"file"}}},{"sticker":{"itemAttrs":{"canModify":true,"itemID":"1_photo 5","shape":{"figma":{"height":330.0,"left":374.9849853515625,"rotation":0.0,"top":657.985595703125,"width":330.0}},"textAngle":0.0},"sticker":{"path":"1_photo 5.png","type":"file"}}},{"sticker":{"itemAttrs":{"canModify":true,"itemID":"1_photo 8","shape":{"figma":{"height":330.0,"left":374.9849853515625,"rotation":0.0,"top":1010.985595703125,"width":330.0}},"textAngle":0.0},"sticker":{"path":"1_photo 8.png","type":"file"}}},{"sticker":{"itemAttrs":{"canModify":true,"itemID":"1_photo 3","shape":{"figma":{"height":330.0,"left":724.9849853515625,"rotation":0.0,"top":302.985595703125,"width":330.0}},"textAngle":0.0},"sticker":{"path":"1_photo 3.png","type":"file"}}},{"sticker":{"itemAttrs":{"canModify":true,"itemID":"1_photo 6","shape":{"figma":{"height":330.0,"left":724.9849853515625,"rotation":0.0,"top":655.985595703125,"width":330.0}},"textAngle":0.0},"sticker":{"path":"1_photo 6.png","type":"file"}}},{"sticker":{"itemAttrs":{"canModify":true,"itemID":"1_photo 9","shape":{"figma":{"height":330.0,"left":724.9849853515625,"rotation":0.0,"top":1008.985595703125,"width":330.0}},"textAngle":0.0},"sticker":{"path":"1_photo 9.png","type":"file"}}},{"text":{"itemAttrs":{"canModify":true,"itemID":"55:355","shape":{"figma":{"height":46.0,"left":882.0,"rotation":0.0,"top":205.0,"width":173.0}},"textAngle":0.0},"textAttrs":{"alignment":0.0,"backgroundAlpha":255.0,"backgroundBorder":0.0,"backgroundColor":0.0,"fontFamily":"UniDreamLED","fontIndex":26.0,"gravity":0.0,"isAutoFill":false,"isBold":false,"isRTL":false,"isShowBackground":false,"isStrike":false,"isStroke":false,"isUnderline":false,"letterSpacing":0.0,"lineSpacingMultiplier":1.0,"paddingHeight":0.0,"paddingWidth":0.0,"skewX":0.0,"strokeWidth":1.0,"text":"2024-10-21","textAlpha":255.0,"textColor":-1,"textShaderIndex":-1.0,"textShadowIndex":0.0,"textSize":40.0,"textStyle":0.0}}},{"text":{"itemAttrs":{"canModify":true,"itemID":"55:357","shape":{"figma":{"height":46.0,"left":48.0,"rotation":0.0,"top":205.0,"width":59.0}},"textAngle":0.0},"textAttrs":{"alignment":0.0,"backgroundAlpha":255.0,"backgroundBorder":0.0,"backgroundColor":0.0,"fontFamily":"UniDreamLED","fontIndex":26.0,"gravity":0.0,"isAutoFill":false,"isBold":false,"isRTL":false,"isShowBackground":false,"isStrike":false,"isStroke":false,"isUnderline":false,"letterSpacing":0.0,"lineSpacingMultiplier":1.0,"paddingHeight":0.0,"paddingWidth":0.0,"skewX":0.0,"strokeWidth":1.0,"text":"UCR","textAlpha":255.0,"textColor":-1,"textShaderIndex":-1.0,"textShadowIndex":0.0,"textSize":40.0,"textStyle":0.0}}},{"sticker":{"itemAttrs":{"canModify":false,"itemID":"element 1","shape":{"figma":{"height":14.0,"left":24.0,"rotation":0.0,"top":221.0,"width":14.0}},"textAngle":0.0},"sticker":{"path":"element 1.png","type":"file"}}}],"width":1080.0}