{"background":{"backgroundImage":{"path":"Bg_Travel 1.png","type":"file"},"blurValue":0.0,"canModifyValue":false,"isBlur":false,"type":"blur"},"frameWidth":0.0,"height":1480.0,"items":[{"sticker":{"itemAttrs":{"canModify":true,"itemId":"Replace_Image 04","shape":{"figma":{"height":520.0,"left":563.0,"rotation":-0.0,"top":112.0,"width":470.0}},"textAngle":0.0},"sticker":{"path":"Replace_Image 04.png","type":"file"}}},{"sticker":{"itemAttrs":{"canModify":true,"itemId":"Replace_Image 03","shape":{"figma":{"height":520.0,"left":47.0,"rotation":-0.0,"top":858.0,"width":470.0}},"textAngle":0.0},"sticker":{"path":"Replace_Image 03.png","type":"file"}}},{"sticker":{"itemAttrs":{"canModify":true,"itemId":"Replace_Image 02","shape":{"figma":{"height":520.0,"left":563.0,"rotation":-0.0,"top":674.0,"width":470.0}},"textAngle":0.0},"sticker":{"path":"Replace_Image 02.png","type":"file"}}},{"sticker":{"itemAttrs":{"canModify":true,"itemId":"Replace_Image 01","shape":{"figma":{"height":520.0,"left":47.0,"rotation":-0.0,"top":296.0,"width":470.0}},"textAngle":0.0},"sticker":{"path":"Replace_Image 01.png","type":"file"}}},{"text":{"itemAttrs":{"canModify":true,"itemId":"461:214","shape":{"figma":{"height":80.0,"left":669.0,"rotation":-0.0,"top":1278.0,"width":259.0}},"textAngle":0.0},"textAttrs":{"alignment":0.0,"backgroundAlpha":255.0,"backgroundBorder":0.0,"backgroundColor":0.0,"fontFamily":"Ibarra Real Nova","fontIndex":26.0,"gravity":0.0,"isAutoFill":false,"isBold":false,"isRTL":false,"isShowBackground":false,"isStrike":false,"isStroke":false,"isUnderline":false,"letterSpacing":0.0,"lineSpacingMultiplier":1.0,"paddingHeight":0.0,"paddingWidth":0.0,"skewX":0.0,"strokeWidth":1.0,"text":"Explore the unknown","textAlpha":255.0,"textColor":-16777216,"textShaderIndex":-1.0,"textShadowIndex":0.0,"textSize":32.0,"textStyle":0.0}}},{"text":{"itemAttrs":{"canModify":true,"itemId":"461:215","shape":{"figma":{"height":63.0,"left":177.0,"rotation":-0.0,"top":187.0,"width":210.0}},"textAngle":0.0},"textAttrs":{"alignment":0.0,"backgroundAlpha":255.0,"backgroundBorder":0.0,"backgroundColor":0.0,"fontFamily":"Tilt Warp","fontIndex":26.0,"gravity":0.0,"isAutoFill":false,"isBold":false,"isRTL":false,"isShowBackground":false,"isStrike":false,"isStroke":false,"isUnderline":false,"letterSpacing":0.0,"lineSpacingMultiplier":1.0,"paddingHeight":0.0,"paddingWidth":0.0,"skewX":0.0,"strokeWidth":1.0,"text":"Travel","textAlpha":255.0,"textColor":-16777216,"textShaderIndex":-1.0,"textShadowIndex":0.0,"textSize":50.0,"textStyle":0.0}}}],"width":1080.0}