{"background":{"backgroundImage":{"path":"Bg_Postcard 7.png","type":"file"},"blurValue":0.0,"canModifyValue":false,"isBlur":false,"type":"blur"},"frameWidth":0.0,"height":1480.0,"items":[{"sticker":{"itemAttrs":{"canModify":true,"itemID":"1_Photos 1","shape":{"figma":{"height":822.0,"left":72.0,"rotation":0.0,"top":435.0,"width":936.0}},"textAngle":0.0},"sticker":{"path":"1_Photos 1.png","type":"file"}}},{"text":{"itemAttrs":{"canModify":true,"itemID":"77:297","shape":{"figma":{"height":204.0,"left":74.0,"rotation":0.0,"top":65.0,"width":933.0}},"textAngle":0.0},"textAttrs":{"alignment":0.0,"backgroundAlpha":255.0,"backgroundBorder":0.0,"backgroundColor":0.0,"fontFamily":"Roboto","fontIndex":26.0,"gravity":0.0,"isAutoFill":false,"isBold":false,"isRTL":false,"isShowBackground":false,"isStrike":false,"isStroke":false,"isUnderline":false,"letterSpacing":0.0,"lineSpacingMultiplier":1.0,"paddingHeight":0.0,"paddingWidth":0.0,"skewX":0.0,"strokeWidth":1.0,"text":"Memories","textAlpha":255.0,"textColor":-16777216,"textShaderIndex":-1.0,"textShadowIndex":0.0,"textSize":174.0,"textStyle":0.0}}},{"text":{"itemAttrs":{"canModify":true,"itemID":"77:298","shape":{"figma":{"height":204.0,"left":74.0,"rotation":0.0,"top":232.0,"width":933.0}},"textAngle":0.0},"textAttrs":{"alignment":0.0,"backgroundAlpha":255.0,"backgroundBorder":0.0,"backgroundColor":0.0,"fontFamily":"Roboto","fontIndex":26.0,"gravity":0.0,"isAutoFill":false,"isBold":false,"isRTL":false,"isShowBackground":false,"isStrike":false,"isStroke":false,"isUnderline":false,"letterSpacing":0.0,"lineSpacingMultiplier":1.0,"paddingHeight":0.0,"paddingWidth":0.0,"skewX":0.0,"strokeWidth":1.0,"text":"Memories","textAlpha":255.0,"textColor":-16777216,"textShaderIndex":-1.0,"textShadowIndex":0.0,"textSize":174.0,"textStyle":0.0}}},{"text":{"itemAttrs":{"canModify":true,"itemID":"77:299","shape":{"figma":{"height":96.00000000000011,"left":220.0,"rotation":0.0,"top":1316.0,"width":641.0}},"textAngle":-9.459547176496607E-15},"textAttrs":{"alignment":0.0,"backgroundAlpha":255.0,"backgroundBorder":0.0,"backgroundColor":0.0,"fontFamily":"Ibarra Real Nova","fontIndex":26.0,"gravity":0.0,"isAutoFill":false,"isBold":false,"isRTL":false,"isShowBackground":false,"isStrike":false,"isStroke":false,"isUnderline":false,"letterSpacing":0.0,"lineSpacingMultiplier":1.0,"paddingHeight":0.0,"paddingWidth":0.0,"skewX":0.0,"strokeWidth":1.0,"text":"Cherish every moment and create lasting memories","textAlpha":255.0,"textColor":-16777216,"textShaderIndex":-1.0,"textShadowIndex":0.0,"textSize":38.0,"textStyle":0.0}}}],"width":1080.0}