{"background":{"backgroundImage":{"path":"Bg_Halloween 2 .png","type":"file"},"blurValue":0.0,"canModifyValue":false,"isBlur":false,"type":"blur"},"frameWidth":0.0,"height":1480.0,"items":[{"sticker":{"itemAttrs":{"canModify":true,"itemId":"Replace_Image 2","shape":{"figma":{"height":499.0,"left":268.0,"rotation":-0.0,"top":774.0,"width":814.0}},"textAngle":0.0},"sticker":{"path":"Replace_Image 2.png","type":"file"}}},{"sticker":{"itemAttrs":{"canModify":true,"itemId":"Replace_Image 1","shape":{"figma":{"height":499.0,"left":0.0,"rotation":-0.0,"top":242.0,"width":814.0}},"textAngle":0.0},"sticker":{"path":"Replace_Image 1.png","type":"file"}}},{"sticker":{"itemAttrs":{"canModify":false,"itemId":"Fixed_ 1","shape":{"figma":{"height":422.0,"left":0.0,"rotation":-0.0,"top":0.0,"width":1080.0}},"textAngle":0.0},"sticker":{"path":"Fixed_ 1.png","type":"file"}}},{"sticker":{"itemAttrs":{"canModify":false,"itemId":"Fixed_ 2","shape":{"figma":{"height":1080.0,"left":0.0,"rotation":-0.0,"top":400.0,"width":1080.0}},"textAngle":0.0},"sticker":{"path":"Fixed_ 2.png","type":"file"}}},{"sticker":{"itemAttrs":{"canModify":false,"itemId":"Element_1","shape":{"figma":{"height":306.0,"left":540.0,"rotation":0.0,"top":564.0,"width":496.0}},"textAngle":0.0},"sticker":{"path":"Element_1.png","type":"file"}}}],"width":1080.0}