{"background":{"backgroundImage":{"path":"Bg_Postcard 1.png","type":"file"},"blurValue":0.0,"canModifyValue":false,"isBlur":false,"type":"blur"},"frameWidth":0.0,"height":1480.0,"items":[{"sticker":{"itemAttrs":{"canModify":true,"itemID":"Replace_Image 1","shape":{"figma":{"height":1010.0,"left":70.0,"rotation":-0.0,"top":70.0,"width":940.0}},"textAngle":0.0},"sticker":{"path":"Replace_Image 1.png","type":"file"}}},{"sticker":{"itemAttrs":{"canModify":false,"itemID":"Fixed_ 1","shape":{"figma":{"height":370.0,"left":710.0,"rotation":-0.0,"top":44.0,"width":370.0}},"textAngle":0.0},"sticker":{"path":"Fixed_ 1.png","type":"file"}}},{"text":{"itemAttrs":{"canModify":true,"itemID":"77:336","shape":{"figma":{"height":159.0,"left":70.0,"rotation":-0.0,"top":1250.0,"width":737.0}},"textAngle":0.0},"textAttrs":{"alignment":0.0,"backgroundAlpha":255.0,"backgroundBorder":0.0,"backgroundColor":0.0,"fontFamily":"Eczar","fontIndex":26.0,"gravity":0.0,"isAutoFill":false,"isBold":false,"isRTL":false,"isShowBackground":false,"isStrike":false,"isStroke":false,"isUnderline":false,"letterSpacing":0.0,"lineSpacingMultiplier":1.0,"paddingHeight":0.0,"paddingWidth":0.0,"skewX":0.0,"strokeWidth":1.0,"text":"May your path be filled with serenity, your heart with gratitude, and your soul with peace. Wishing you a journey of love, joy, and fulfillment. Stay blessed always!","textAlpha":255.0,"textColor":-16777216,"textShaderIndex":-1.0,"textShadowIndex":0.0,"textSize":30.0,"textStyle":0.0}}}],"width":1080.0}