{"background":{"backgroundImage":{"path":"Bg_Retro 2.png","type":"file"},"blurValue":0.0,"canModifyValue":false,"isBlur":false,"type":"blur"},"frameWidth":0.0,"height":1480.0,"items":[{"text":{"itemAttrs":{"canModify":true,"itemID":"87:2","shape":{"figma":{"height":125.0,"left":69.0,"rotation":0.0,"top":55.0,"width":611.0}},"textAngle":0.0},"textAttrs":{"alignment":0.0,"backgroundAlpha":255.0,"backgroundBorder":0.0,"backgroundColor":0.0,"fontFamily":"Permanent Marker","fontIndex":26.0,"gravity":0.0,"isAutoFill":false,"isBold":false,"isRTL":false,"isShowBackground":false,"isStrike":false,"isStroke":false,"isUnderline":false,"letterSpacing":0.0,"lineSpacingMultiplier":1.0,"paddingHeight":0.0,"paddingWidth":0.0,"skewX":0.0,"strokeWidth":1.0,"text":"Memories","textAlpha":255.0,"textColor":-9283022,"textShaderIndex":-1.0,"textShadowIndex":0.0,"textSize":100.0,"textStyle":0.0}}},{"sticker":{"itemAttrs":{"canModify":true,"itemID":"1_photo 2","shape":{"figma":{"height":815.0,"left":492.0,"rotation":0.0,"top":261.0,"width":537.0}},"textAngle":0.0},"sticker":{"path":"1_photo 2.png","type":"file"}}},{"sticker":{"itemAttrs":{"canModify":false,"itemID":"element 1","shape":{"figma":{"height":1181.0,"left":8.0,"rotation":0.0,"top":299.0,"width":891.0}},"textAngle":0.0},"sticker":{"path":"element 1.png","type":"file"}}},{"sticker":{"itemAttrs":{"canModify":true,"itemID":"1_photo 1","shape":{"figma":{"height":550.0,"left":162.0,"rotation":0.0,"top":660.0,"width":624.0}},"textAngle":0.0},"sticker":{"path":"1_photo 1.png","type":"file"}}}],"width":1080.0}