{"background":{"backgroundImage":{"path":"Bg_Gourmet food 5.png","type":"file"},"blurValue":0.0,"canModifyValue":false,"isBlur":false,"type":"blur"},"frameWidth":0.0,"height":1480.0,"items":[{"sticker":{"itemAttrs":{"canModify":true,"itemID":"Replace_Image 03","shape":{"figma":{"height":417.99999317052215,"left":49.99999999999999,"rotation":8.00000038608561,"top":165.87963867187497,"width":846.9999861613211}},"textAngle":0.0},"sticker":{"path":"Replace_Image 03.png","type":"file"}}},{"sticker":{"itemAttrs":{"canModify":false,"itemID":"Fixed_ 05","shape":{"figma":{"height":417.99999317052215,"left":50.03417968749999,"rotation":8.00000038608561,"top":165.97375488281247,"width":846.9999861613211}},"textAngle":0.0},"sticker":{"path":"Fixed_ 05.png","type":"file"}}},{"sticker":{"itemAttrs":{"canModify":true,"itemID":"Replace_Image 02","shape":{"figma":{"height":418.00000929591795,"left":177.82708740234375,"rotation":-4.999999985476689,"top":514.0000610351562,"width":847.0000188364652}},"textAngle":0.0},"sticker":{"path":"Replace_Image 02.png","type":"file"}}},{"sticker":{"itemAttrs":{"canModify":false,"itemID":"Fixed_ 04","shape":{"figma":{"height":418.00000929591795,"left":177.82708740234375,"rotation":-4.999999985476689,"top":513.8848266601562,"width":847.0000188364652}},"textAngle":0.0},"sticker":{"path":"Fixed_ 04.png","type":"file"}}},{"sticker":{"itemAttrs":{"canModify":true,"itemID":"Replace_Image 01","shape":{"figma":{"height":417.9999904782992,"left":129.0,"rotation":10.000000283105564,"top":1058.2255859375,"width":846.9999807060273}},"textAngle":0.0},"sticker":{"path":"Replace_Image 01.png","type":"file"}}},{"sticker":{"itemAttrs":{"canModify":false,"itemID":"Fixed_ 03","shape":{"figma":{"height":417.9999904782992,"left":129.0,"rotation":10.000000283105564,"top":1058.080078125,"width":846.9999807060273}},"textAngle":0.0},"sticker":{"path":"Fixed_ 03.png","type":"file"}}},{"sticker":{"itemAttrs":{"canModify":false,"itemID":"Fixed_ 02","shape":{"figma":{"height":155.99999803338824,"left":31.0523681640625,"rotation":12.594066942445451,"top":754.9166259765625,"width":314.99999602895707}},"textAngle":0.0},"sticker":{"path":"Fixed_ 02.png","type":"file"}}},{"sticker":{"itemAttrs":{"canModify":false,"itemID":"Fixed_ 01","shape":{"figma":{"height":374.0,"left":706.0,"rotation":-0.0,"top":88.0,"width":374.0}},"textAngle":0.0},"sticker":{"path":"Fixed_ 01.png","type":"file"}}},{"text":{"itemAttrs":{"canModify":true,"itemID":"461:204","shape":{"figma":{"height":103.99999996188293,"left":452.0,"rotation":9.866472839594604,"top":1263.8985595703125,"width":582.9999997863245}},"textAngle":-9.866472839594604},"textAttrs":{"alignment":0.0,"backgroundAlpha":255.0,"backgroundBorder":0.0,"backgroundColor":0.0,"fontFamily":"Gluten","fontIndex":26.0,"gravity":0.0,"isAutoFill":false,"isBold":false,"isRTL":false,"isShowBackground":false,"isStrike":false,"isStroke":false,"isUnderline":false,"letterSpacing":0.0,"lineSpacingMultiplier":1.0,"paddingHeight":0.0,"paddingWidth":0.0,"skewX":0.0,"strokeWidth":1.0,"text":"Delicious and tasty","textAlpha":255.0,"textColor":-1,"textShaderIndex":-1.0,"textShadowIndex":0.0,"textSize":70.0,"textStyle":0.0}}},{"sticker":{"itemAttrs":{"canModify":false,"itemID":"Fixed_ 06","shape":{"figma":{"height":113.9999990145337,"left":820.7734375,"rotation":13.509740193471703,"top":1046.403564453125,"width":113.9999990145337}},"textAngle":0.0},"sticker":{"path":"Fixed_ 06.png","type":"file"}}}],"width":1080.0}