{"background":{"backgroundImage":{"path":"Bg_Selfie 10.png","type":"file"},"blurValue":0.0,"canModifyValue":false,"isBlur":false,"type":"blur"},"frameWidth":0.0,"height":1480.0,"items":[{"sticker":{"itemAttrs":{"canModify":true,"itemId":"Replace_Image 1","shape":{"figma":{"height":762.0,"left":36.0,"rotation":-0.0,"top":656.0,"width":408.0}},"textAngle":0.0},"sticker":{"path":"Replace_Image 1.png","type":"file"}}},{"sticker":{"itemAttrs":{"canModify":true,"itemId":"Replace_Image 2","shape":{"figma":{"height":1121.0,"left":464.0,"rotation":-0.0,"top":297.0,"width":578.0}},"textAngle":0.0},"sticker":{"path":"Replace_Image 2.png","type":"file"}}},{"text":{"itemAttrs":{"canModify":true,"itemId":"429:41","shape":{"figma":{"height":127.0,"left":52.0,"rotation":-0.0,"top":70.0,"width":975.0}},"textAngle":0.0},"textAttrs":{"alignment":0.0,"backgroundAlpha":255.0,"backgroundBorder":0.0,"backgroundColor":0.0,"fontFamily":"Bacasime Antique","fontIndex":26.0,"gravity":0.0,"isAutoFill":false,"isBold":false,"isRTL":false,"isShowBackground":false,"isStrike":false,"isStroke":false,"isUnderline":false,"letterSpacing":0.0,"lineSpacingMultiplier":1.0,"paddingHeight":0.0,"paddingWidth":0.0,"skewX":0.0,"strokeWidth":1.0,"text":"ASPIRATION","textAlpha":255.0,"textColor":-13421773,"textShaderIndex":-1.0,"textShadowIndex":0.0,"textSize":142.0,"textStyle":0.0}}},{"sticker":{"itemAttrs":{"canModify":false,"itemId":"Fixed_ 1","shape":{"figma":{"height":453.0,"left":52.0,"rotation":-0.0,"top":287.0,"width":365.0}},"textAngle":0.0},"sticker":{"path":"Fixed_ 1.png","type":"file"}}}],"width":1080.0}