{"background":{"backgroundImage":{"path":"Bg_Family 2.png","type":"file"},"blurValue":0.0,"canModifyValue":false,"isBlur":false,"type":"blur"},"frameWidth":0.0,"height":1480.0,"items":[{"sticker":{"itemAttrs":{"canModify":true,"itemID":"Replace_Image 03","shape":{"figma":{"height":494.0,"left":0.0,"rotation":-0.0,"top":0.0,"width":1080.0}},"textAngle":0.0},"sticker":{"path":"Replace_Image 03.png","type":"file"}}},{"sticker":{"itemAttrs":{"canModify":true,"itemID":"Replace_Image 02","shape":{"figma":{"height":494.0,"left":0.0,"rotation":-0.0,"top":494.0,"width":1080.0}},"textAngle":0.0},"sticker":{"path":"Replace_Image 02.png","type":"file"}}},{"sticker":{"itemAttrs":{"canModify":true,"itemID":"Replace_Image 01","shape":{"figma":{"height":494.0,"left":0.0,"rotation":-0.0,"top":988.0,"width":1080.0}},"textAngle":0.0},"sticker":{"path":"Replace_Image 01.png","type":"file"}}},{"sticker":{"itemAttrs":{"canModify":false,"itemID":"Fixed_ 03","shape":{"figma":{"height":494.0,"left":0.0,"rotation":-0.0,"top":0.0,"width":1080.0}},"textAngle":0.0},"sticker":{"path":"Fixed_ 03.png","type":"file"}}},{"sticker":{"itemAttrs":{"canModify":false,"itemID":"Fixed_ 02","shape":{"figma":{"height":494.0,"left":0.0,"rotation":-0.0,"top":494.0,"width":1080.0}},"textAngle":0.0},"sticker":{"path":"Fixed_ 02.png","type":"file"}}},{"sticker":{"itemAttrs":{"canModify":false,"itemID":"Fixed_ 01","shape":{"figma":{"height":494.0,"left":0.0,"rotation":-0.0,"top":988.0,"width":1080.0}},"textAngle":0.0},"sticker":{"path":"Fixed_ 01.png","type":"file"}}},{"sticker":{"itemAttrs":{"canModify":false,"itemID":"Element_ 01","shape":{"figma":{"height":327.0,"left":122.0,"rotation":0.0,"top":568.0,"width":836.0}},"textAngle":0.0},"sticker":{"path":"Element_ 01.png","type":"file"}}}],"width":1080.0}