{"background":{"backgroundImage":{"path":"Bg_Life 3.png","type":"file"},"blurValue":0.0,"canModifyValue":false,"isBlur":false,"type":"blur"},"frameWidth":0.0,"height":1480.0,"items":[{"sticker":{"itemAttrs":{"canModify":true,"itemID":"Replace_Image 1","shape":{"figma":{"height":670.0,"left":211.0,"rotation":-0.0,"top":383.0,"width":646.0}},"textAngle":0.0},"sticker":{"path":"Replace_Image 1.png","type":"file"}}},{"sticker":{"itemAttrs":{"canModify":false,"itemID":"Fixed_ 1","shape":{"figma":{"height":992.0,"left":166.0,"rotation":-0.0,"top":244.0,"width":747.0}},"textAngle":0.0},"sticker":{"path":"Fixed_ 1.png","type":"file"}}}],"width":1080.0}