{"background":{"backgroundImage":{"path":"Bg_Gourmet food 3.png","type":"file"},"blurValue":0.0,"canModifyValue":false,"isBlur":false,"type":"blur"},"frameWidth":0.0,"height":1480.0,"items":[{"sticker":{"itemAttrs":{"canModify":true,"itemId":"Replace_Image 04","shape":{"figma":{"height":527.0,"left":60.0,"rotation":-0.0,"top":72.0,"width":362.0}},"textAngle":0.0},"sticker":{"path":"Replace_Image 04.png","type":"file"}}},{"sticker":{"itemAttrs":{"canModify":true,"itemId":"Replace_Image 03","shape":{"figma":{"height":808.0,"left":451.0,"rotation":-0.0,"top":72.0,"width":362.0}},"textAngle":0.0},"sticker":{"path":"Replace_Image 03.png","type":"file"}}},{"sticker":{"itemAttrs":{"canModify":true,"itemId":"Replace_Image 02","shape":{"figma":{"height":771.0,"left":60.0,"rotation":-0.0,"top":639.0,"width":362.0}},"textAngle":0.0},"sticker":{"path":"Replace_Image 02.png","type":"file"}}},{"sticker":{"itemAttrs":{"canModify":true,"itemId":"Replace_Image 01","shape":{"figma":{"height":490.0,"left":451.0,"rotation":-0.0,"top":920.0,"width":362.0}},"textAngle":0.0},"sticker":{"path":"Replace_Image 01.png","type":"file"}}},{"text":{"itemAttrs":{"canModify":true,"itemId":"461:151","shape":{"figma":{"height":129.99999999999997,"left":1011.0,"rotation":-90.00000250447806,"top":72.00000000000004,"width":644.0000000000006}},"textAngle":90.00000250447806},"textAttrs":{"alignment":0.0,"backgroundAlpha":255.0,"backgroundBorder":0.0,"backgroundColor":0.0,"fontFamily":"Ibarra Real Nova","fontIndex":26.0,"gravity":0.0,"isAutoFill":false,"isBold":false,"isRTL":false,"isShowBackground":false,"isStrike":false,"isStroke":false,"isUnderline":false,"letterSpacing":0.0,"lineSpacingMultiplier":1.0,"paddingHeight":0.0,"paddingWidth":0.0,"skewX":0.0,"strokeWidth":1.0,"text":"enjoy life","textAlpha":255.0,"textColor":-16777216,"textShaderIndex":-1.0,"textShadowIndex":0.0,"textSize":104.0,"textStyle":0.0}}},{"sticker":{"itemAttrs":{"canModify":false,"itemId":"Fixed_ 01","shape":{"figma":{"height":403.0,"left":813.0,"rotation":-0.0,"top":1014.0,"width":267.0}},"textAngle":0.0},"sticker":{"path":"Fixed_ 01.png","type":"file"}}}],"width":1080.0}