{"background":{"backgroundImage":{"path":"Bg_Christmas 1.png","type":"file"},"blurValue":0.0,"canModifyValue":false,"isBlur":false,"type":"blur"},"frameWidth":0.0,"height":1480.0,"items":[{"sticker":{"itemAttrs":{"canModify":true,"itemID":"Replace_Image 1","shape":{"figma":{"height":383.0,"left":183.0,"rotation":-0.0,"top":499.0,"width":373.0}},"textAngle":0.0},"sticker":{"path":"Replace_Image 1.png","type":"file"}}},{"sticker":{"itemAttrs":{"canModify":false,"itemID":"Fixed_ 1","shape":{"figma":{"height":413.0,"left":160.0,"rotation":-0.0,"top":486.0,"width":411.0}},"textAngle":0.0},"sticker":{"path":"Fixed_ 1.png","type":"file"}}},{"sticker":{"itemAttrs":{"canModify":true,"itemID":"Replace_Image 4","shape":{"figma":{"height":383.0,"left":579.0,"rotation":-0.0,"top":949.0,"width":373.0}},"textAngle":0.0},"sticker":{"path":"Replace_Image 4.png","type":"file"}}},{"sticker":{"itemAttrs":{"canModify":false,"itemID":"Fixed_ 4","shape":{"figma":{"height":413.0,"left":556.0,"rotation":-0.0,"top":936.0,"width":411.0}},"textAngle":0.0},"sticker":{"path":"Fixed_ 4.png","type":"file"}}},{"sticker":{"itemAttrs":{"canModify":true,"itemID":"Replace_Image 2","shape":{"figma":{"height":437.0000050007504,"left":580.0576171875,"rotation":-10.50590438400012,"top":433.6548767089844,"width":426.0000048748734}},"textAngle":0.0},"sticker":{"path":"Replace_Image 2.png","type":"file"}}},{"sticker":{"itemAttrs":{"canModify":false,"itemID":"Fixed_ 2","shape":{"figma":{"height":474.00000542415484,"left":556.427734375,"rotation":-10.50590438400012,"top":413.0,"width":470.0000053783814}},"textAngle":0.0},"sticker":{"path":"Fixed_ 2.png","type":"file"}}},{"sticker":{"itemAttrs":{"canModify":true,"itemID":"Replace_Image 3","shape":{"figma":{"height":437.9999885286766,"left":133.73437499999997,"rotation":7.224134424989001,"top":889.9185180664062,"width":425.9999888429595}},"textAngle":0.0},"sticker":{"path":"Replace_Image 3.png","type":"file"}}},{"sticker":{"itemAttrs":{"canModify":false,"itemID":"Fixed_ 3","shape":{"figma":{"height":473.99998758582825,"left":105.06249999999997,"rotation":7.224134424989001,"top":878.432861328125,"width":469.99998769058914}},"textAngle":0.0},"sticker":{"path":"Fixed_ 3.png","type":"file"}}}],"width":1080.0}