{"background":{"backgroundImage":{"path":"Bg_Christmas 1.png","type":"file"},"blurValue":0.0,"canModifyValue":false,"isBlur":false,"type":"blur"},"frameWidth":0.0,"height":1480.0,"items":[{"sticker":{"itemAttrs":{"canModify":true,"itemID":"Replace_Image 04","shape":{"figma":{"height":426.0,"left":62.0,"rotation":-0.0,"top":408.4072265625,"width":458.0}},"textAngle":0.0},"sticker":{"path":"Replace_Image 04.png","type":"file"}}},{"sticker":{"itemAttrs":{"canModify":true,"itemID":"Replace_Image 03","shape":{"figma":{"height":426.0,"left":559.0,"rotation":-0.0,"top":184.0,"width":458.0}},"textAngle":0.0},"sticker":{"path":"Replace_Image 03.png","type":"file"}}},{"sticker":{"itemAttrs":{"canModify":true,"itemID":"Replace_Image 02","shape":{"figma":{"height":426.0,"left":62.0,"rotation":-0.0,"top":875.4072265625,"width":458.0}},"textAngle":0.0},"sticker":{"path":"Replace_Image 02.png","type":"file"}}},{"sticker":{"itemAttrs":{"canModify":true,"itemID":"Replace_Image 01","shape":{"figma":{"height":426.0,"left":559.0,"rotation":-0.0,"top":651.0,"width":458.0}},"textAngle":0.0},"sticker":{"path":"Replace_Image 01.png","type":"file"}}}],"width":1080.0}