{"background":{"backgroundImage":{"path":"Bg_Life 9.png","type":"file"},"blurValue":0.0,"canModifyValue":false,"isBlur":false,"type":"blur"},"frameWidth":0.0,"height":1480.0,"items":[{"sticker":{"itemAttrs":{"canModify":true,"itemID":"Replace_Image 1","shape":{"figma":{"height":414.0,"left":193.0,"rotation":-4.969616689786745E-17,"top":380.0,"width":699.0}},"textAngle":0.0},"sticker":{"path":"Replace_Image 1.png","type":"file"}}},{"sticker":{"itemAttrs":{"canModify":false,"itemID":"Fixed_ 1","shape":{"figma":{"height":638.0,"left":141.0,"rotation":-0.0,"top":273.0,"width":798.0}},"textAngle":0.0},"sticker":{"path":"Fixed_ 1.png","type":"file"}}},{"text":{"itemAttrs":{"canModify":true,"itemID":"444:12","shape":{"figma":{"height":69.0,"left":203.0,"rotation":-0.0,"top":809.0,"width":254.0}},"textAngle":0.0},"textAttrs":{"alignment":0.0,"backgroundAlpha":255.0,"backgroundBorder":0.0,"backgroundColor":0.0,"fontFamily":"Nerko One","fontIndex":26.0,"gravity":0.0,"isAutoFill":false,"isBold":false,"isRTL":false,"isShowBackground":false,"isStrike":false,"isStroke":false,"isUnderline":false,"letterSpacing":0.0,"lineSpacingMultiplier":1.0,"paddingHeight":0.0,"paddingWidth":0.0,"skewX":0.0,"strokeWidth":1.0,"text":"Lifestyle","textAlpha":255.0,"textColor":-7090220,"textShaderIndex":-1.0,"textShadowIndex":0.0,"textSize":64.0,"textStyle":0.0}}},{"text":{"itemAttrs":{"canModify":true,"itemID":"444:13","shape":{"figma":{"height":106.0,"left":73.0,"rotation":-0.0,"top":1170.0,"width":956.0}},"textAngle":0.0},"textAttrs":{"alignment":0.0,"backgroundAlpha":255.0,"backgroundBorder":0.0,"backgroundColor":0.0,"fontFamily":"Nerko One","fontIndex":26.0,"gravity":0.0,"isAutoFill":false,"isBold":false,"isRTL":false,"isShowBackground":false,"isStrike":false,"isStroke":false,"isUnderline":false,"letterSpacing":0.0,"lineSpacingMultiplier":1.0,"paddingHeight":0.0,"paddingWidth":0.0,"skewX":0.0,"strokeWidth":1.0,"text":"are fresh and refreshing","textAlpha":255.0,"textColor":-84807,"textShaderIndex":-1.0,"textShadowIndex":0.0,"textSize":88.0,"textStyle":0.0}}},{"text":{"itemAttrs":{"canModify":true,"itemID":"444:14","shape":{"figma":{"height":106.0,"left":73.0,"rotation":-0.0,"top":1038.0,"width":956.0}},"textAngle":0.0},"textAttrs":{"alignment":0.0,"backgroundAlpha":255.0,"backgroundBorder":0.0,"backgroundColor":0.0,"fontFamily":"Nerko One","fontIndex":26.0,"gravity":0.0,"isAutoFill":false,"isBold":false,"isRTL":false,"isShowBackground":false,"isStrike":false,"isStroke":false,"isUnderline":false,"letterSpacing":0.0,"lineSpacingMultiplier":1.0,"paddingHeight":0.0,"paddingWidth":0.0,"skewX":0.0,"strokeWidth":1.0,"text":"Spring days ","textAlpha":255.0,"textColor":-7483733,"textShaderIndex":-1.0,"textShadowIndex":0.0,"textSize":88.0,"textStyle":0.0}}}],"width":1080.0}