{"background":{"backgroundImage":{"path":"Bg_Beach 10.png","type":"file"},"blurValue":0.0,"canModifyValue":false,"isBlur":false,"type":"blur"},"frameWidth":0.0,"height":1480.0,"items":[{"sticker":{"itemAttrs":{"canModify":true,"itemID":"Replace_Image 09","shape":{"figma":{"height":320.0,"left":40.0,"rotation":-0.0,"top":199.0,"width":320.0}},"textAngle":0.0},"sticker":{"path":"Replace_Image 09.png","type":"file"}}},{"sticker":{"itemAttrs":{"canModify":true,"itemID":"Replace_Image 08","shape":{"figma":{"height":320.0,"left":40.0,"rotation":-0.0,"top":539.0,"width":320.0}},"textAngle":0.0},"sticker":{"path":"Replace_Image 08.png","type":"file"}}},{"sticker":{"itemAttrs":{"canModify":true,"itemID":"Replace_Image 07","shape":{"figma":{"height":320.0,"left":40.0,"rotation":-0.0,"top":879.0,"width":320.0}},"textAngle":0.0},"sticker":{"path":"Replace_Image 07.png","type":"file"}}},{"sticker":{"itemAttrs":{"canModify":true,"itemID":"Replace_Image 06","shape":{"figma":{"height":320.0,"left":380.0,"rotation":-0.0,"top":199.0,"width":321.0}},"textAngle":0.0},"sticker":{"path":"Replace_Image 06.png","type":"file"}}},{"sticker":{"itemAttrs":{"canModify":true,"itemID":"Replace_Image 05","shape":{"figma":{"height":320.0,"left":380.0,"rotation":-0.0,"top":539.0,"width":321.0}},"textAngle":0.0},"sticker":{"path":"Replace_Image 05.png","type":"file"}}},{"sticker":{"itemAttrs":{"canModify":true,"itemID":"Replace_Image 04","shape":{"figma":{"height":320.0,"left":380.0,"rotation":-0.0,"top":879.0,"width":321.0}},"textAngle":0.0},"sticker":{"path":"Replace_Image 04.png","type":"file"}}},{"sticker":{"itemAttrs":{"canModify":true,"itemID":"Replace_Image 03","shape":{"figma":{"height":320.0,"left":721.0,"rotation":-0.0,"top":199.0,"width":320.0}},"textAngle":0.0},"sticker":{"path":"Replace_Image 03.png","type":"file"}}},{"sticker":{"itemAttrs":{"canModify":true,"itemID":"Replace_Image 02","shape":{"figma":{"height":320.0,"left":721.0,"rotation":-0.0,"top":539.0,"width":320.0}},"textAngle":0.0},"sticker":{"path":"Replace_Image 02.png","type":"file"}}},{"sticker":{"itemAttrs":{"canModify":true,"itemID":"Replace_Image 01","shape":{"figma":{"height":320.0,"left":721.0,"rotation":-0.0,"top":879.0,"width":320.0}},"textAngle":0.0},"sticker":{"path":"Replace_Image 01.png","type":"file"}}},{"text":{"itemAttrs":{"canModify":true,"itemID":"461:106","shape":{"figma":{"height":58.00000000000002,"left":258.0,"rotation":9.213866198408551E-15,"top":75.99999999999997,"width":565.0}},"textAngle":-9.213866198408551E-15},"textAttrs":{"alignment":0.0,"backgroundAlpha":255.0,"backgroundBorder":0.0,"backgroundColor":0.0,"fontFamily":"Ibarra Real Nova","fontIndex":26.0,"gravity":0.0,"isAutoFill":false,"isBold":false,"isRTL":false,"isShowBackground":false,"isStrike":false,"isStroke":false,"isUnderline":false,"letterSpacing":0.0,"lineSpacingMultiplier":1.0,"paddingHeight":0.0,"paddingWidth":0.0,"skewX":0.0,"strokeWidth":1.0,"text":"Explore the world","textAlpha":255.0,"textColor":-16777216,"textShaderIndex":-1.0,"textShadowIndex":0.0,"textSize":46.0,"textStyle":0.0}}},{"text":{"itemAttrs":{"canModify":true,"itemID":"461:107","shape":{"figma":{"height":85.00000762939453,"left":450.0,"rotation":-0.0,"top":1264.0,"width":180.0}},"textAngle":0.0},"textAttrs":{"alignment":0.0,"backgroundAlpha":255.0,"backgroundBorder":0.0,"backgroundColor":0.0,"fontFamily":"Tilt Warp","fontIndex":26.0,"gravity":0.0,"isAutoFill":false,"isBold":false,"isRTL":false,"isShowBackground":false,"isStrike":false,"isStroke":false,"isUnderline":false,"letterSpacing":0.0,"lineSpacingMultiplier":1.0,"paddingHeight":0.0,"paddingWidth":0.0,"skewX":0.0,"strokeWidth":1.0,"text":"2024","textAlpha":255.0,"textColor":-16777216,"textShaderIndex":-1.0,"textShadowIndex":0.0,"textSize":70.0,"textStyle":0.0}}},{"text":{"itemAttrs":{"canModify":true,"itemID":"461:108","shape":{"figma":{"height":85.00000762939453,"left":450.0,"rotation":-0.0,"top":1267.0,"width":180.0}},"textAngle":0.0},"textAttrs":{"alignment":0.0,"backgroundAlpha":255.0,"backgroundBorder":0.0,"backgroundColor":0.0,"fontFamily":"Tilt Warp","fontIndex":26.0,"gravity":0.0,"isAutoFill":false,"isBold":false,"isRTL":false,"isShowBackground":false,"isStrike":false,"isStroke":false,"isUnderline":false,"letterSpacing":0.0,"lineSpacingMultiplier":1.0,"paddingHeight":0.0,"paddingWidth":0.0,"skewX":0.0,"strokeWidth":1.0,"text":"2024","textAlpha":255.0,"textColor":-16777216,"textShaderIndex":-1.0,"textShadowIndex":0.0,"textSize":70.0,"textStyle":0.0}}}],"width":1080.0}