{"background":{"backgroundImage":{"path":"Bg_Retro 5.png","type":"file"},"blurValue":0.0,"canModifyValue":false,"isBlur":false,"type":"blur"},"frameWidth":0.0,"height":1480.0,"items":[{"sticker":{"itemAttrs":{"canModify":true,"itemId":"Replace_Image 1","shape":{"figma":{"height":638.0,"left":60.0,"rotation":-0.0,"top":135.0,"width":454.0}},"textAngle":0.0},"sticker":{"path":"Replace_Image 1.png","type":"file"}}},{"sticker":{"itemAttrs":{"canModify":true,"itemId":"Replace_Image 2","shape":{"figma":{"height":372.0,"left":536.0,"rotation":-0.0,"top":135.0,"width":482.0}},"textAngle":0.0},"sticker":{"path":"Replace_Image 2.png","type":"file"}}},{"sticker":{"itemAttrs":{"canModify":true,"itemId":"Replace_Image 3","shape":{"figma":{"height":372.0,"left":755.0,"rotation":-0.0,"top":868.0,"width":263.0}},"textAngle":0.0},"sticker":{"path":"Replace_Image 3.png","type":"file"}}}],"width":1080.0}