{"background":{"backgroundImage":{"path":"Bg_Selfie 4.png","type":"file"},"blurValue":0.0,"canModifyValue":false,"isBlur":false,"type":"blur"},"frameWidth":0.0,"height":1480.0,"items":[{"sticker":{"itemAttrs":{"canModify":true,"itemId":"Replace_Image 1","shape":{"figma":{"height":938.0,"left":88.0,"rotation":-0.0,"top":102.0,"width":904.0}},"textAngle":0.0},"sticker":{"path":"Replace_Image 1.png","type":"file"}}},{"sticker":{"itemAttrs":{"canModify":false,"itemId":"Fixed_ 1","shape":{"figma":{"height":1332.0,"left":38.0,"rotation":-0.0,"top":74.0,"width":1003.0}},"textAngle":0.0},"sticker":{"path":"Fixed_ 1.png","type":"file"}}}],"width":1080.0}