{"background":{"backgroundImage":{"path":"Bg_Travel 2.png","type":"file"},"blurValue":0.0,"canModifyValue":false,"isBlur":false,"type":"blur"},"frameWidth":0.0,"height":1480.0,"items":[{"sticker":{"itemAttrs":{"canModify":false,"itemID":"Fixed_ 05","shape":{"figma":{"height":599.9999919090096,"left":195.40234375,"rotation":-15.000000120055857,"top":86.0,"width":513.9999930687183}},"textAngle":0.0},"sticker":{"path":"Fixed_ 05.png","type":"file"}}},{"sticker":{"itemAttrs":{"canModify":true,"itemID":"Replace_Image 02","shape":{"figma":{"height":542.9999926776537,"left":233.88769531250006,"rotation":-15.000000120055857,"top":130.921875,"width":442.999994026152}},"textAngle":0.0},"sticker":{"path":"Replace_Image 02.png","type":"file"}}},{"sticker":{"itemAttrs":{"canModify":false,"itemID":"Fixed_ 04","shape":{"figma":{"height":599.9999855877068,"left":427.3935546875,"rotation":14.67223224661038,"top":874.8781127929688,"width":513.9999876534689}},"textAngle":0.0},"sticker":{"path":"Fixed_ 04.png","type":"file"}}},{"sticker":{"itemAttrs":{"canModify":true,"itemID":"Replace_Image 01","shape":{"figma":{"height":545.9999868848133,"left":482.9013671875,"rotation":14.67223224661038,"top":893.4234619140625,"width":442.99998935892364}},"textAngle":0.0},"sticker":{"path":"Replace_Image 01.png","type":"file"}}},{"text":{"itemAttrs":{"canModify":true,"itemID":"461:222","shape":{"figma":{"height":126.0,"left":173.0,"rotation":-0.0,"top":864.0,"width":235.0}},"textAngle":0.0},"textAttrs":{"alignment":0.0,"backgroundAlpha":255.0,"backgroundBorder":0.0,"backgroundColor":0.0,"fontFamily":"Tilt Warp","fontIndex":26.0,"gravity":0.0,"isAutoFill":false,"isBold":false,"isRTL":false,"isShowBackground":false,"isStrike":false,"isStroke":false,"isUnderline":false,"letterSpacing":0.0,"lineSpacingMultiplier":1.0,"paddingHeight":0.0,"paddingWidth":0.0,"skewX":0.0,"strokeWidth":1.0,"text":"Pleasant\n trip","textAlpha":255.0,"textColor":-16777216,"textShaderIndex":-1.0,"textShadowIndex":0.0,"textSize":50.0,"textStyle":0.0}}},{"sticker":{"itemAttrs":{"canModify":false,"itemID":"Fixed_ 03","shape":{"figma":{"height":136.03414628791998,"left":94.19873046874999,"rotation":12.419108603873031,"top":79.6903076171875,"width":231.97214779542895}},"textAngle":0.0},"sticker":{"path":"Fixed_ 03.png","type":"file"}}},{"sticker":{"itemAttrs":{"canModify":false,"itemID":"Fixed_ 02","shape":{"figma":{"height":136.0341473387426,"left":834.01708984375,"rotation":-30.000000445292045,"top":647.0,"width":231.97214958734352}},"textAngle":0.0},"sticker":{"path":"Fixed_ 02.png","type":"file"}}},{"sticker":{"itemAttrs":{"canModify":false,"itemID":"Fixed_ 01","shape":{"figma":{"height":235.1063995361328,"left":457.0,"rotation":-0.0,"top":1245.0,"width":222.67288208007812}},"textAngle":0.0},"sticker":{"path":"Fixed_ 01.png","type":"file"}}}],"width":1080.0}