{"background":{"backgroundImage":{"path":"Bg_Art 4.png","type":"file"},"blurValue":0.0,"canModifyValue":false,"isBlur":false,"type":"blur"},"frameWidth":0.0,"height":1480.0,"items":[{"sticker":{"itemAttrs":{"canModify":false,"itemId":"Fixed_ 02","shape":{"figma":{"height":813.0000121907015,"left":57.0,"rotation":1.0000000532542508,"top":107.4140625,"width":728.0000109161508}},"textAngle":0.0},"sticker":{"path":"Fixed_ 02.png","type":"file"}}},{"sticker":{"itemAttrs":{"canModify":true,"itemId":"Replace_Image 01","shape":{"figma":{"height":570.0000294217555,"left":199.8798828125,"rotation":-7.712277013585431,"top":160.01562499999994,"width":550.000028389413}},"textAngle":0.0},"sticker":{"path":"Replace_Image 01.png","type":"file"}}},{"sticker":{"itemAttrs":{"canModify":false,"itemId":"Fixed_ 01","shape":{"figma":{"height":880.0,"left":353.0,"rotation":-0.0,"top":600.0,"width":727.0}},"textAngle":0.0},"sticker":{"path":"Fixed_ 01.png","type":"file"}}}],"width":1080.0}