{"background":{"backgroundImage":{"path":"Bg_Life 4.png","type":"file"},"blurValue":0.0,"canModifyValue":false,"isBlur":false,"type":"blur"},"frameWidth":0.0,"height":1480.0,"items":[{"sticker":{"itemAttrs":{"canModify":true,"itemId":"Replace_Image 1","shape":{"figma":{"height":408.8857116699218,"left":10.479125509580728,"rotation":6.719224553397354E-8,"top":358.306640625,"width":641.0088500851272}},"textAngle":0.0},"sticker":{"path":"Replace_Image 1.png","type":"file"}}},{"sticker":{"itemAttrs":{"canModify":true,"itemId":"Replace_Image 2","shape":{"figma":{"height":408.9999694824232,"left":1079.9999999999995,"rotation":179.99999499104385,"top":767.0,"width":419.73892211914193}},"textAngle":0.0},"sticker":{"path":"Replace_Image 2.png","type":"file"}}},{"sticker":{"itemAttrs":{"canModify":false,"itemId":"Fixed_ 1","shape":{"figma":{"height":1080.000000000001,"left":1080.0,"rotation":-90.00000250447806,"top":281.0,"width":563.0000610351568}},"textAngle":0.0},"sticker":{"path":"Fixed_ 1.png","type":"file"}}},{"sticker":{"itemAttrs":{"canModify":true,"itemId":"Replace_Image 3","shape":{"figma":{"height":365.0,"left":-5.4931640625E-4,"rotation":-0.0,"top":970.999267578125,"width":388.0}},"textAngle":0.0},"sticker":{"path":"Replace_Image 3.png","type":"file"}}},{"sticker":{"itemAttrs":{"canModify":true,"itemId":"Replace_Image 4","shape":{"figma":{"height":365.4490356445324,"left":977.7220458984372,"rotation":179.99999499104385,"top":1336.3232421875,"width":589.9044799804707}},"textAngle":0.0},"sticker":{"path":"Replace_Image 4.png","type":"file"}}},{"sticker":{"itemAttrs":{"canModify":false,"itemId":"Fixed_ 2","shape":{"figma":{"height":982.000000000001,"left":982.0,"rotation":-90.00000250447806,"top":902.0,"width":503.0000305175787}},"textAngle":0.0},"sticker":{"path":"Fixed_ 2.png","type":"file"}}},{"sticker":{"itemAttrs":{"canModify":false,"itemId":"Fixed_ 3","shape":{"figma":{"height":91.0,"left":179.0,"rotation":-0.0,"top":113.0,"width":723.0}},"textAngle":0.0},"sticker":{"path":"Fixed_ 3.png","type":"file"}}},{"sticker":{"itemAttrs":{"canModify":false,"itemId":"Fixed_ 4","shape":{"figma":{"height":500.5,"left":1039.0,"rotation":-0.0,"top":904.0,"width":18.0}},"textAngle":0.0},"sticker":{"path":"Fixed_ 4.png","type":"file"}}}],"width":1080.0}