{"background":{"backgroundImage":{"path":"Bg_Art 3.png","type":"file"},"blurValue":0.0,"canModifyValue":false,"isBlur":false,"type":"blur"},"frameWidth":0.0,"height":1480.0,"items":[{"sticker":{"itemAttrs":{"canModify":false,"itemId":"Fixed_ 03","shape":{"figma":{"height":634.0000263030146,"left":190.64794921875,"rotation":-11.707462956566005,"top":72.390625,"width":524.0000217394}},"textAngle":0.0},"sticker":{"path":"Fixed_ 03.png","type":"file"}}},{"sticker":{"itemAttrs":{"canModify":false,"itemId":"Fixed_ 02","shape":{"figma":{"height":625.3718668650249,"left":80.99999999999994,"rotation":8.264613103301699,"top":860.6650390625,"width":519.4268019518158}},"textAngle":0.0},"sticker":{"path":"Fixed_ 02.png","type":"file"}}},{"sticker":{"itemAttrs":{"canModify":true,"itemId":"Replace_Image 02","shape":{"figma":{"height":552.0000229010474,"left":209.24169921874997,"rotation":-11.707462956566005,"top":105.859375,"width":471.0000195405677}},"textAngle":0.0},"sticker":{"path":"Replace_Image 02.png","type":"file"}}},{"sticker":{"itemAttrs":{"canModify":true,"itemId":"Replace_Image 01","shape":{"figma":{"height":551.9999820446237,"left":109.64453124999997,"rotation":8.264613103301699,"top":884.1884765625,"width":470.9999846793801}},"textAngle":0.0},"sticker":{"path":"Replace_Image 01.png","type":"file"}}},{"sticker":{"itemAttrs":{"canModify":false,"itemId":"Fixed_ 01","shape":{"figma":{"height":955.0,"left":443.0,"rotation":-0.0,"top":525.0,"width":637.0}},"textAngle":0.0},"sticker":{"path":"Fixed_ 01.png","type":"file"}}},{"text":{"itemAttrs":{"canModify":true,"itemId":"461:52","shape":{"figma":{"height":340.0,"left":655.0,"rotation":9.213866198408551E-15,"top":254.00000000000006,"width":401.99999999999994}},"textAngle":-9.213866198408551E-15},"textAttrs":{"alignment":0.0,"backgroundAlpha":255.0,"backgroundBorder":0.0,"backgroundColor":0.0,"fontFamily":"Ibarra Real Nova","fontIndex":26.0,"gravity":0.0,"isAutoFill":false,"isBold":false,"isRTL":false,"isShowBackground":false,"isStrike":false,"isStroke":false,"isUnderline":false,"letterSpacing":0.0,"lineSpacingMultiplier":1.0,"paddingHeight":0.0,"paddingWidth":0.0,"skewX":0.0,"strokeWidth":1.0,"text":"Art is a solace for the soul.","textAlpha":255.0,"textColor":-6594772,"textShaderIndex":-1.0,"textShadowIndex":0.0,"textSize":68.0,"textStyle":0.0}}}],"width":1080.0}