{
	"background": {
		"color":-1,
		"type": "color",
		"canModifyValue": false
	},
	"frameWidth": 0.0,
	"width": 1080.0,
	"height": 1480.0,
	"items": [
		{
			"sticker": {
				"itemAttrs": {
					"itemId":"photo1",
					"shape": {
						"figma": {
							"top": 331,
							"left": 285,
							"width": 700,
							"height": 960
						}
					}
					
				},
				"sticker": {
					"path": "photo1.png"
				}
			}
		},
		{
			"text": {
				"itemAttrs": {
					"itemId":"tv_block1",
					"shape": {
						"figma": {
							"top": 360,
							"left": 120,
							"width": 31,
							"height": 10
						}
					},
					"canModify":false,
					"textAngle": 0
				},
				"textAttrs": {
					"text": "",
					"textSize": 229,
					"fontIndex":11,
					"isShowBackground":true,
					"backgroundColor":0,
					"textShadowIndex":0
				}
			}	
		},

		{
			"text": {
				"itemAttrs": {
					"itemId":"tv_block2",
					"shape": {
						"figma": {
							"top": 857,
							"left": 0,
							"width": 18,
							"height": 10
						}
					},
					"canModify":false,
					"textAngle": 0
				},
				"textAttrs": {
					"text": "",
					"textSize": 229,
					"fontIndex":11,
					"isShowBackground":true,
					"backgroundColor":0,
					"textShadowIndex":0
				}
			}	
		},

		{
			"text": {
				"itemAttrs": {
					"itemId":"tv_block3",
					"shape": {
						"figma": {
							"top": 857,
							"left": 127,
							"width": 18,
							"height": 10
						}
					},
					"canModify":false,
					"textAngle": 0
				},
				"textAttrs": {
					"text": "",
					"textSize": 229,
					"fontIndex":11,
					"isShowBackground":true,
					"backgroundColor":0,
					"textShadowIndex":0
				}
			}	
		},

		{
			"text": {
				"itemAttrs": {
					"itemId":"tv_inhibitor_top",
					"shape": {
						"figma": {
							"top": 39,
							"left": 120,
							"width": 496,
							"height": 159
						}
					},
					"textAngle": 0
				},
				"textAttrs": {
					"text": "inhibitor",
					"isAutoFill":false,
					"textSize": 133,
					"fontIndex":0,
					"textColor":0,
					"textShadowIndex":0
				}
			}	
		},
		{
			"text": {
				"itemAttrs": {
					"itemId":"tv_inhibitor_bottom",
					"shape": {
						"figma": {
							"top": 1398,
							"left": 120,
							"width": 496,
							"height": 159
						}
					},
					"textAngle": 0
				},
				"textAttrs": {
					"text": "inhibitor",
					"isAutoFill":false,
					"textSize": 133,
					"fontIndex":0,
					"textColor":0,
					"textShadowIndex":0
				}
			}	
		},
		{
			"text": {
				"itemAttrs": {
					"itemId":"tv_specification",
					"shape": {
						"figma": {
							"top": 172,
							"left": 120,
							"width": 715,
							"height": 91
						}
					},
					"textAngle": 0
				},
				"textAttrs": {
					"text": "Highest specification",
					"isAutoFill":true,
					"textSize": 30,
					"fontIndex":32,
					"isBold":true,
					"textColor":0,
					"textShadowIndex":0
				}
			}	
		},
		{
			"text": {
				"itemAttrs": {
					"itemId":"tv_cant",
					"shape": {
						"figma": {
							"top": 844,
							"left": 1053,
							"width": 36,
							"height": 14,
							"rotation":-90
						}
					},
					"textAngle": 90
				},
				"textAttrs": {
					"text": "CAN'T",
					"isAutoFill":true,
					"textSize": 30,
					"fontIndex":32,
					"textColor":0,
					"textShadowIndex":0
				}
			}	
		},

		{
			"text": {
				"itemAttrs": {
					"itemId":"tv_injection",
					"shape": {
						"figma": {
							"top": 1361,
							"left": 842,
							"width": 83,
							"height": 60
						}
					},
					"textAngle": 0
				},
				"textAttrs": {
					"text": "injection Enter control",
					"isAutoFill":true,
					"textSize": 30,
					"isBold":true,
					"fontIndex":32,
					"textColor":0,
					"textShadowIndex":0
				}
			}	
		},	
		{
			"text": {
				"itemAttrs": {
					"itemId":"tv_24",
					"shape": {
						"figma": {
							"top": 970,
							"left": 995,
							"width": 47,
							"height": 45
						}
					},
					"textAngle": 0
				},
				"textAttrs": {
					"text": "24",
					"isAutoFill":true,
					"textSize": 30,
					"fontIndex":32,
					"isBold":true,
					"textColor":0,
					"textShadowIndex":0
				}
			}	
		},
		{
			"text": {
				"itemAttrs": {
					"itemId":"tv_77",
					"shape": {
						"figma": {
							"top": 607,
							"left": 120,
							"width": 36,
							"height": 34
						}
					},
					"textAngle": 0
				},
				"textAttrs": {
					"text": "77",
					"isAutoFill":true,
					"textSize": 30,
					"fontIndex":32,
					"textColor":0,
					"textShadowIndex":0
				}
			}	
		},
		{
			"text": {
				"itemAttrs": {
					"itemId":"tv_slash",
					"shape": {
						"figma": {
							"top": 578,
							"left": 138,
							"width": 68,
							"height": 159
						}
					},
					"textAngle": 0
				},
				"textAttrs": {
					"text": "/",
					"isAutoFill":true,
					"textSize": 30,
					"fontIndex":32,
					"textColor":0,
					"textShadowIndex":0
				}
			}	
		},
		{
			"text": {
				"itemAttrs": {
					"itemId":"tv_love",
					"shape": {
						"figma": {
							"top": 433,
							"left": 120,
							"width": 245,
							"height": 159
						}
					},
					"textAngle": 0
				},
				"textAttrs": {
					"text": "love",
					"isAutoFill":true,
					"textSize": 30,
					"fontIndex":33,
					"textColor":0,
					"textShadowIndex":0
				}
			}	
		},

		{
			"text": {
				"itemAttrs": {
					"itemId":"tv_refuse",
					"shape": {
						"figma": {
							"top": 727,
							"left": 198,
							"width": 259,
							"height": 34,
							"rotation": -90
						}
					},
					"textAngle": 90
				},
				"textAttrs": {
					"text": "REFUSE TO STOP",
					"isAutoFill":true,
					"isBold":true,
					"textSize": 30,
					"fontIndex":28,
					"textColor":0,
					"textShadowIndex":0
				}
			}	
		},
		{
			"text": {
				"itemAttrs": {
					"itemId":"tv_refuse2",
					"shape": {
						"figma": {
							"top": 836,
							"left": 87,
							"width": 52,
							"height": 28,
							"rotation": -90
						}
					},
					"textAngle": 90
				},
				"textAttrs": {
					"text": "REFUSE TO STOP",
					"isAutoFill":true,
					"textSize": 30,
					"fontIndex":28,
					"textColor":0,
					"textShadowIndex":0
				}
			}	
		},
		{
			"text": {
				"itemAttrs": {
					"itemId":"tv_day",
					"shape": {
						"figma": {
							"top": 811,
							"left": 231,
							"width": 92,
							"height": 17,
							"rotation": -90
						}
					},
					"textAngle": 90
				},
				"textAttrs": {
					"text": "27-09-1989",
					"isAutoFill":true,
					"textSize": 28,
					"fontIndex":0,
					"textColor":0,
					"textShadowIndex":0
				}
			}	
		},
		
		{
			"text": {
				"itemAttrs": {
					"itemId":"tv_t1",
					"shape": {
						"figma": {
							"top": 1264,
							"left": 101,
							"width": 154,
							"height": 20
						}
					},
					"textAngle": 0
				},
				"textAttrs": {
					"text": "Love is the",
					"isAutoFill":false,
					"textSize": 15,
					"fontIndex":2,
					"textColor":-1,
					"gravity":1,
					"letterSpacing":0.2,
					"isShowBackground":true,
					"backgroundColor":0,
					"textShadowIndex":0
				}
			}	
		},
		
		{
			"text": {
				"itemAttrs": {
					"itemId":"tv_t2",
					"shape": {
						"figma": {
							"top": 1288,
							"left": 101,
							"width": 117,
							"height": 20
						}
					},
					"textAngle": 0
				},
				"textAttrs": {
					"text": "highest level",
					"isAutoFill":false,
					"textSize": 15,
					"fontIndex":2,
					"gravity":1,
					"letterSpacing":0.2,
					"textColor":-1,
					"isShowBackground":true,
					"backgroundColor":0,
					"textShadowIndex":0
				}
			}	
		},
		{
			"text": {
				"itemAttrs": {
					"itemId":"tv_t3",
					"shape": {
						"figma": {
							"top": 1312,
							"left": 101,
							"width": 117,
							"height": 20
						}
					},
					"textAngle": 0
				},
				"textAttrs": {
					"text": "inhibitor",
					"isAutoFill":false,
					"textSize": 15,
					"fontIndex":2,
					"gravity":1,
					"letterSpacing":0.2,
					"textColor":-1,
					"isShowBackground":true,
					"backgroundColor":0,
					"textShadowIndex":0
				}
			}	
		}
	]
	
}