{"background":{"backgroundImage":{"path":"Bg_Christmas 1.png","type":"file"},"blurValue":0.0,"canModifyValue":false,"isBlur":false,"type":"blur"},"frameWidth":0.0,"height":1480.0,"items":[{"sticker":{"itemAttrs":{"canModify":true,"itemID":"Replace_Image 1","shape":{"figma":{"height":753.9999828244919,"left":282.4484252929687,"rotation":-10.000000283105564,"top":532.2864990234375,"width":655.9999850568524}},"textAngle":0.0},"sticker":{"path":"Replace_Image 1.png","type":"file"}}}],"width":1080.0}