{"background":{"backgroundImage":{"path":"Bg_Art 7.png","type":"file"},"blurValue":0.0,"canModifyValue":false,"isBlur":false,"type":"blur"},"frameWidth":0.0,"height":1480.0,"items":[{"sticker":{"itemAttrs":{"canModify":false,"itemID":"Fixed_ 02","shape":{"figma":{"height":860.0,"left":53.0,"rotation":-0.0,"top":151.0,"width":761.0}},"textAngle":0.0},"sticker":{"path":"Fixed_ 02.png","type":"file"}}},{"sticker":{"itemAttrs":{"canModify":true,"itemID":"Replace_Image 01","shape":{"figma":{"height":614.2506898297977,"left":79.328125,"rotation":7.826352899695954,"top":268.9153747558594,"width":607.9614440354923}},"textAngle":0.0},"sticker":{"path":"Replace_Image 01.png","type":"file"}}},{"sticker":{"itemAttrs":{"canModify":false,"itemID":"Fixed_ 01","shape":{"figma":{"height":928.0,"left":384.0,"rotation":-0.0,"top":552.0,"width":696.0}},"textAngle":0.0},"sticker":{"path":"Fixed_ 01.png","type":"file"}}}],"width":1080.0}