{"background":{"backgroundImage":{"path":"Bg_Life 2.png","type":"file"},"blurValue":0.0,"canModifyValue":false,"isBlur":false,"type":"blur"},"frameWidth":0.0,"height":1480.0,"items":[{"sticker":{"itemAttrs":{"canModify":true,"itemID":"Replace_Image 1","shape":{"figma":{"height":330.018798828125,"left":65.0281982421875,"rotation":-0.0,"top":167.4661865234375,"width":292.6409912109375}},"textAngle":0.0},"sticker":{"path":"Replace_Image 1.png","type":"file"}}},{"sticker":{"itemAttrs":{"canModify":false,"itemID":"Fixed_ 1","shape":{"figma":{"height":381.98309326171875,"left":55.0,"rotation":-0.0,"top":131.0,"width":313.6090087890625}},"textAngle":0.0},"sticker":{"path":"Fixed_ 1.png","type":"file"}}},{"sticker":{"itemAttrs":{"canModify":true,"itemID":"Replace_Image 2","shape":{"figma":{"height":330.018798828125,"left":393.2237548828125,"rotation":-0.0,"top":167.4661865234375,"width":292.6409912109375}},"textAngle":0.0},"sticker":{"path":"Replace_Image 2.png","type":"file"}}},{"sticker":{"itemAttrs":{"canModify":false,"itemID":"Fixed_ 2","shape":{"figma":{"height":381.98309326171875,"left":383.195556640625,"rotation":-0.0,"top":131.0,"width":313.6090087890625}},"textAngle":0.0},"sticker":{"path":"Fixed_ 2.png","type":"file"}}},{"sticker":{"itemAttrs":{"canModify":true,"itemID":"Replace_Image 3","shape":{"figma":{"height":330.018798828125,"left":721.419189453125,"rotation":-0.0,"top":167.4661865234375,"width":292.6409912109375}},"textAngle":0.0},"sticker":{"path":"Replace_Image 3.png","type":"file"}}},{"sticker":{"itemAttrs":{"canModify":false,"itemID":"Fixed_ 3","shape":{"figma":{"height":381.98309326171875,"left":711.3909912109375,"rotation":-0.0,"top":131.0,"width":313.6090087890625}},"textAngle":0.0},"sticker":{"path":"Fixed_ 3.png","type":"file"}}},{"sticker":{"itemAttrs":{"canModify":true,"itemID":"Replace_Image 4","shape":{"figma":{"height":330.018798828125,"left":65.0281982421875,"rotation":-0.0,"top":585.46630859375,"width":292.6409912109375}},"textAngle":0.0},"sticker":{"path":"Replace_Image 4.png","type":"file"}}},{"sticker":{"itemAttrs":{"canModify":false,"itemID":"Fixed_ 4","shape":{"figma":{"height":381.98309326171875,"left":55.0,"rotation":-0.0,"top":549.0,"width":313.6090087890625}},"textAngle":0.0},"sticker":{"path":"Fixed_ 4.png","type":"file"}}},{"sticker":{"itemAttrs":{"canModify":true,"itemID":"Replace_Image 5","shape":{"figma":{"height":330.018798828125,"left":393.2237548828125,"rotation":-0.0,"top":585.46630859375,"width":292.6409912109375}},"textAngle":0.0},"sticker":{"path":"Replace_Image 5.png","type":"file"}}},{"sticker":{"itemAttrs":{"canModify":false,"itemID":"Fixed_ 5","shape":{"figma":{"height":381.98309326171875,"left":383.195556640625,"rotation":-0.0,"top":549.0,"width":313.6090087890625}},"textAngle":0.0},"sticker":{"path":"Fixed_ 5.png","type":"file"}}},{"sticker":{"itemAttrs":{"canModify":true,"itemID":"Replace_Image 6","shape":{"figma":{"height":330.018798828125,"left":721.419189453125,"rotation":-0.0,"top":585.46630859375,"width":292.6409912109375}},"textAngle":0.0},"sticker":{"path":"Replace_Image 6.png","type":"file"}}},{"sticker":{"itemAttrs":{"canModify":false,"itemID":"Fixed_ 6","shape":{"figma":{"height":381.98309326171875,"left":711.3909912109375,"rotation":-0.0,"top":549.0,"width":313.6090087890625}},"textAngle":0.0},"sticker":{"path":"Fixed_ 6.png","type":"file"}}},{"sticker":{"itemAttrs":{"canModify":true,"itemID":"Replace_Image 7","shape":{"figma":{"height":330.018798828125,"left":65.0281982421875,"rotation":-0.0,"top":1003.46630859375,"width":292.6409912109375}},"textAngle":0.0},"sticker":{"path":"Replace_Image 7.png","type":"file"}}},{"sticker":{"itemAttrs":{"canModify":false,"itemID":"Fixed_ 7","shape":{"figma":{"height":381.98309326171875,"left":55.0,"rotation":-0.0,"top":967.0,"width":313.6090087890625}},"textAngle":0.0},"sticker":{"path":"Fixed_ 7.png","type":"file"}}},{"sticker":{"itemAttrs":{"canModify":true,"itemID":"Replace_Image 8","shape":{"figma":{"height":330.018798828125,"left":393.2237548828125,"rotation":-0.0,"top":1003.46630859375,"width":292.6409912109375}},"textAngle":0.0},"sticker":{"path":"Replace_Image 8.png","type":"file"}}},{"sticker":{"itemAttrs":{"canModify":false,"itemID":"Fixed_ 8","shape":{"figma":{"height":381.98309326171875,"left":383.195556640625,"rotation":-0.0,"top":967.0,"width":313.6090087890625}},"textAngle":0.0},"sticker":{"path":"Fixed_ 8.png","type":"file"}}},{"sticker":{"itemAttrs":{"canModify":true,"itemID":"Replace_Image 9","shape":{"figma":{"height":330.018798828125,"left":721.419189453125,"rotation":-0.0,"top":1003.46630859375,"width":292.6409912109375}},"textAngle":0.0},"sticker":{"path":"Replace_Image 9.png","type":"file"}}},{"sticker":{"itemAttrs":{"canModify":false,"itemID":"Fixed_ 9","shape":{"figma":{"height":381.98309326171875,"left":711.3909912109375,"rotation":-0.0,"top":967.0,"width":313.6090087890625}},"textAngle":0.0},"sticker":{"path":"Fixed_ 9.png","type":"file"}}}],"width":1080.0}