{"background":{"backgroundImage":{"path":"Bg_Art 8.png","type":"file"},"blurValue":0.0,"canModifyValue":false,"isBlur":false,"type":"blur"},"frameWidth":0.0,"height":1480.0,"items":[{"sticker":{"itemAttrs":{"canModify":false,"itemId":"Fixed_ 04","shape":{"figma":{"height":572.0000365299185,"left":222.3056640625,"rotation":14.000000327986063,"top":190.685546875,"width":572.0000365299185}},"textAngle":0.0},"sticker":{"path":"Fixed_ 04.png","type":"file"}}},{"sticker":{"itemAttrs":{"canModify":false,"itemId":"Fixed_ 03","shape":{"figma":{"height":660.0000281728342,"left":277.28515625000006,"rotation":7.999999910796304,"top":783.138671875,"width":660.0000281728342}},"textAngle":0.0},"sticker":{"path":"Fixed_ 03.png","type":"file"}}},{"sticker":{"itemAttrs":{"canModify":true,"itemId":"Replace_Image 01","shape":{"figma":{"height":472.00003014356906,"left":281.70703125,"rotation":14.000000327986063,"top":224.24511718750003,"width":472.00003014356906}},"textAngle":0.0},"sticker":{"path":"Replace_Image 01.png","type":"file"}}},{"sticker":{"itemAttrs":{"canModify":true,"itemId":"Replace_Image 3","shape":{"figma":{"height":542.000023135873,"left":342.41796875,"rotation":7.999999910796304,"top":832.1875,"width":542.000023135873}},"textAngle":0.0},"sticker":{"path":"Replace_Image 3.png","type":"file"}}},{"sticker":{"itemAttrs":{"canModify":false,"itemId":"Fixed_ 01","shape":{"figma":{"height":203.0,"left":743.0,"rotation":-0.0,"top":459.0,"width":255.0}},"textAngle":0.0},"sticker":{"path":"Fixed_ 01.png","type":"file"}}},{"sticker":{"itemAttrs":{"canModify":false,"itemId":"Fixed_ 02","shape":{"figma":{"height":1147.9999315738678,"left":0.0,"rotation":-0.0,"top":332.0,"width":365.9999781847}},"textAngle":0.0},"sticker":{"path":"Fixed_ 02.png","type":"file"}}}],"width":1080.0}