{"background":{"backgroundImage":{"path":"Bg_Selfie 8.png","type":"file"},"blurValue":0.0,"canModifyValue":false,"isBlur":false,"type":"blur"},"frameWidth":0.0,"height":1480.0,"items":[{"sticker":{"itemAttrs":{"canModify":true,"itemId":"Replace_Image 3","shape":{"figma":{"height":373.7077891500095,"left":533.72265625,"rotation":-15.000000120055857,"top":899.5703125,"width":531.5964894134611}},"textAngle":0.0},"sticker":{"path":"Replace_Image 3.png","type":"file"}}},{"sticker":{"itemAttrs":{"canModify":true,"itemId":"Replace_Image 2","shape":{"figma":{"height":373.7077891500095,"left":437.001953125,"rotation":15.000000120055857,"top":629.373046875,"width":531.5964894134611}},"textAngle":0.0},"sticker":{"path":"Replace_Image 2.png","type":"file"}}},{"sticker":{"itemAttrs":{"canModify":true,"itemId":"Replace_Image 1","shape":{"figma":{"height":373.7077891500095,"left":533.72265625,"rotation":-15.000000120055857,"top":84.00000000000003,"width":531.5964894134611}},"textAngle":0.0},"sticker":{"path":"Replace_Image 1.png","type":"file"}}},{"sticker":{"itemAttrs":{"canModify":false,"itemId":"Element_ 1","shape":{"figma":{"height":201.000001941216,"left":38.1337890625,"rotation":0.0,"top":189.0611572265625,"width":494.00000477094875}},"textAngle":0.0},"sticker":{"path":"Element_ 1.png","type":"file"}}}],"width":1080.0}