{"background":{"backgroundImage":{"path":"Bg_Life 6.png","type":"file"},"blurValue":0.0,"canModifyValue":false,"isBlur":false,"type":"blur"},"frameWidth":0.0,"height":1480.0,"items":[{"sticker":{"itemAttrs":{"canModify":true,"itemId":"Replace_Image 1","shape":{"figma":{"height":285.8900146484375,"left":93.8525390625,"rotation":-4.969616689786745E-17,"top":338.0,"width":285.8900146484375}},"textAngle":0.0},"sticker":{"path":"Replace_Image 1.png","type":"file"}}},{"sticker":{"itemAttrs":{"canModify":true,"itemId":"Replace_Image 2","shape":{"figma":{"height":285.8900146484375,"left":93.8525390625,"rotation":-4.969616689786745E-17,"top":643.0,"width":285.8900146484375}},"textAngle":0.0},"sticker":{"path":"Replace_Image 2.png","type":"file"}}},{"sticker":{"itemAttrs":{"canModify":true,"itemId":"Replace_Image 4","shape":{"figma":{"height":285.8900146484375,"left":93.8505859375,"rotation":-4.969616689786745E-17,"top":949.119140625,"width":589.8704223632812}},"textAngle":0.0},"sticker":{"path":"Replace_Image 4.png","type":"file"}}},{"sticker":{"itemAttrs":{"canModify":true,"itemId":"Replace_Image 3","shape":{"figma":{"height":591.7010498046875,"left":396.35400390625,"rotation":-4.969616689786745E-17,"top":337.7578125,"width":589.2742309570312}},"textAngle":0.0},"sticker":{"path":"Replace_Image 3.png","type":"file"}}},{"sticker":{"itemAttrs":{"canModify":true,"itemId":"Replace_Image 5","shape":{"figma":{"height":285.8900146484375,"left":699.8837890625,"rotation":-4.969616689786745E-17,"top":949.0,"width":285.8900146484375}},"textAngle":0.0},"sticker":{"path":"Replace_Image 5.png","type":"file"}}},{"text":{"itemAttrs":{"canModify":true,"itemId":"55:411","shape":{"figma":{"height":70.0,"left":392.0,"rotation":-0.0,"top":198.0,"width":297.0}},"textAngle":0.0},"textAttrs":{"alignment":0.0,"backgroundAlpha":255.0,"backgroundBorder":0.0,"backgroundColor":0.0,"fontFamily":"Aboreto","fontIndex":26.0,"gravity":0.0,"isAutoFill":false,"isBold":false,"isRTL":false,"isShowBackground":false,"isStrike":false,"isStroke":false,"isUnderline":false,"letterSpacing":0.0,"lineSpacingMultiplier":1.0,"paddingHeight":0.0,"paddingWidth":0.0,"skewX":0.0,"strokeWidth":1.0,"text":"Lifestyle","textAlpha":255.0,"textColor":-14209738,"textShaderIndex":-1.0,"textShadowIndex":0.0,"textSize":58.0,"textStyle":0.0}}}],"width":1080.0}