{"background":{"backgroundImage":{"path":"Bg_Life 3.png","type":"file"},"blurValue":0.0,"canModifyValue":false,"isBlur":false,"type":"blur"},"frameWidth":0.0,"height":1480.0,"items":[{"sticker":{"itemAttrs":{"canModify":false,"itemId":"Fixed_ 1","shape":{"figma":{"height":1099.0,"left":0.0,"rotation":-0.0,"top":381.0,"width":1076.0}},"textAngle":0.0},"sticker":{"path":"Fixed_ 1.png","type":"file"}}},{"sticker":{"itemAttrs":{"canModify":true,"itemId":"Replace_Image 3","shape":{"figma":{"height":575.9999999999999,"left":1024.0,"rotation":-180.0,"top":1385.0,"width":968.9999999999999}},"textAngle":0.0},"sticker":{"path":"Replace_Image 3.png","type":"file"}}},{"sticker":{"itemAttrs":{"canModify":true,"itemId":"Replace_Image 1","shape":{"figma":{"height":507.0,"left":55.0,"rotation":-0.0,"top":273.0,"width":470.0}},"textAngle":0.0},"sticker":{"path":"Replace_Image 1.png","type":"file"}}},{"sticker":{"itemAttrs":{"canModify":true,"itemId":"Replace_Image 2","shape":{"figma":{"height":507.0,"left":554.0,"rotation":-0.0,"top":273.0,"width":470.0}},"textAngle":0.0},"sticker":{"path":"Replace_Image 2.png","type":"file"}}},{"sticker":{"itemAttrs":{"canModify":false,"itemId":"Element_ 1","shape":{"figma":{"height":141.0,"left":454.0,"rotation":0.0,"top":709.0,"width":172.0}},"textAngle":0.0},"sticker":{"path":"Element_ 1.png","type":"file"}}},{"text":{"itemAttrs":{"canModify":true,"itemId":"429:15","shape":{"figma":{"height":127.0,"left":41.0,"rotation":-0.0,"top":70.0,"width":1026.0}},"textAngle":0.0},"textAttrs":{"alignment":0.0,"backgroundAlpha":255.0,"backgroundBorder":0.0,"backgroundColor":0.0,"fontFamily":"Bacasime Antique","fontIndex":26.0,"gravity":0.0,"isAutoFill":false,"isBold":false,"isRTL":false,"isShowBackground":false,"isStrike":false,"isStroke":false,"isUnderline":false,"letterSpacing":0.0,"lineSpacingMultiplier":1.0,"paddingHeight":0.0,"paddingWidth":0.0,"skewX":0.0,"strokeWidth":1.0,"text":"PERSONAL","textAlpha":255.0,"textColor":-1,"textShaderIndex":-1.0,"textShadowIndex":0.0,"textSize":185.0,"textStyle":0.0}}}],"width":1080.0}