{"background":{"backgroundImage":{"path":"Bg_Travel 10.png","type":"file"},"blurValue":0.0,"canModifyValue":false,"isBlur":false,"type":"blur"},"frameWidth":0.0,"height":1480.0,"items":[{"sticker":{"itemAttrs":{"canModify":false,"itemID":"Fixed_ 05","shape":{"figma":{"height":621.9999923791806,"left":91.0,"rotation":6.448524715340998,"top":144.85546875,"width":621.9999923791806}},"textAngle":0.0},"sticker":{"path":"Fixed_ 05.png","type":"file"}}},{"sticker":{"itemAttrs":{"canModify":true,"itemID":"Replace_Image 02","shape":{"figma":{"height":441.9999945845625,"left":125.55957031249994,"rotation":6.448524715340998,"top":201.33203124999997,"width":566.9999930530474}},"textAngle":0.0},"sticker":{"path":"Replace_Image 02.png","type":"file"}}},{"sticker":{"itemAttrs":{"canModify":false,"itemID":"Fixed_ 04","shape":{"figma":{"height":622.0000026801456,"left":209.80957031250006,"rotation":-11.951804406819436,"top":731.3359375,"width":622.0000026801456}},"textAngle":0.0},"sticker":{"path":"Fixed_ 04.png","type":"file"}}},{"sticker":{"itemAttrs":{"canModify":true,"itemID":"Replace_Image 01","shape":{"figma":{"height":442.00000190454074,"left":223.79980468749994,"rotation":-11.951804406819436,"top":795.62890625,"width":567.0000024431554}},"textAngle":0.0},"sticker":{"path":"Replace_Image 01.png","type":"file"}}},{"sticker":{"itemAttrs":{"canModify":false,"itemID":"Fixed_ 03","shape":{"figma":{"height":231.0,"left":105.0,"rotation":-0.0,"top":597.0,"width":231.0}},"textAngle":0.0},"sticker":{"path":"Fixed_ 03.png","type":"file"}}},{"sticker":{"itemAttrs":{"canModify":false,"itemID":"Fixed_ 02","shape":{"figma":{"height":231.0,"left":540.0,"rotation":-0.0,"top":1249.0,"width":231.0}},"textAngle":0.0},"sticker":{"path":"Fixed_ 02.png","type":"file"}}},{"sticker":{"itemAttrs":{"canModify":false,"itemID":"Fixed_ 01","shape":{"figma":{"height":370.0,"left":710.0,"rotation":-0.0,"top":578.0,"width":370.0}},"textAngle":0.0},"sticker":{"path":"Fixed_ 01.png","type":"file"}}}],"width":1080.0}