{"background":{"backgroundImage":{"path":"Bg_Beach 1.png","type":"file"},"blurValue":0.0,"canModifyValue":false,"isBlur":false,"type":"blur"},"frameWidth":0.0,"height":1480.0,"items":[{"sticker":{"itemAttrs":{"canModify":true,"itemId":"Replace_Image 03","shape":{"figma":{"height":454.0,"left":30.0,"rotation":-0.0,"top":30.0,"width":1020.0}},"textAngle":0.0},"sticker":{"path":"Replace_Image 03.png","type":"file"}}},{"sticker":{"itemAttrs":{"canModify":true,"itemId":"Replace_Image 02","shape":{"figma":{"height":454.0,"left":30.0,"rotation":-0.0,"top":513.0,"width":1020.0}},"textAngle":0.0},"sticker":{"path":"Replace_Image 02.png","type":"file"}}},{"sticker":{"itemAttrs":{"canModify":true,"itemId":"Replace_Image 01","shape":{"figma":{"height":454.0,"left":30.0,"rotation":-0.0,"top":996.0,"width":1020.0}},"textAngle":0.0},"sticker":{"path":"Replace_Image 01.png","type":"file"}}},{"sticker":{"itemAttrs":{"canModify":false,"itemId":"Element_ 01","shape":{"figma":{"height":284.0,"left":230.0,"rotation":0.0,"top":577.0,"width":619.0}},"textAngle":0.0},"sticker":{"path":"Element_ 01.png","type":"file"}}}],"width":1080.0}