{"background":{"backgroundImage":{"path":"Bg_Gourmet food 9.png","type":"file"},"blurValue":0.0,"canModifyValue":false,"isBlur":false,"type":"blur"},"frameWidth":0.0,"height":1480.0,"items":[{"sticker":{"itemAttrs":{"canModify":true,"itemId":"Replace_Image 03","shape":{"figma":{"height":410.0,"left":73.0,"rotation":-0.0,"top":77.0,"width":926.0}},"textAngle":0.0},"sticker":{"path":"Replace_Image 03.png","type":"file"}}},{"sticker":{"itemAttrs":{"canModify":true,"itemId":"Replace_Image 02","shape":{"figma":{"height":410.0,"left":-260.0,"rotation":-0.0,"top":535.0,"width":926.0}},"textAngle":0.0},"sticker":{"path":"Replace_Image 02.png","type":"file"}}},{"sticker":{"itemAttrs":{"canModify":true,"itemId":"Replace_Image 01","shape":{"figma":{"height":410.0,"left":73.0,"rotation":-0.0,"top":993.0,"width":926.0}},"textAngle":0.0},"sticker":{"path":"Replace_Image 01.png","type":"file"}}}],"width":1080.0}