{"background":{"backgroundImage":{"path":"Bg_Christmas 1.png","type":"file"},"blurValue":0.0,"canModifyValue":false,"isBlur":false,"type":"blur"},"frameWidth":0.0,"height":1480.0,"items":[{"sticker":{"itemAttrs":{"canModify":true,"itemID":"Replace_Image 04","shape":{"figma":{"height":482.0000118318161,"left":56.392578125,"rotation":5.132532524257236,"top":368.32354736328125,"width":424.0000104080706}},"textAngle":0.0},"sticker":{"path":"Replace_Image 04.png","type":"file"}}},{"sticker":{"itemAttrs":{"canModify":true,"itemID":"Replace_Image 03","shape":{"figma":{"height":486.00000659692546,"left":72.78076171874997,"rotation":4.817036324016124,"top":921.3936767578125,"width":428.0000058096381}},"textAngle":0.0},"sticker":{"path":"Replace_Image 03.png","type":"file"}}},{"sticker":{"itemAttrs":{"canModify":true,"itemID":"Replace_Image 02","shape":{"figma":{"height":481.9999876110882,"left":629.064453125,"rotation":-9.531774083749308,"top":332.24999999999994,"width":423.9999891018701}},"textAngle":0.0},"sticker":{"path":"Replace_Image 02.png","type":"file"}}},{"sticker":{"itemAttrs":{"canModify":true,"itemID":"Replace_Image 01","shape":{"figma":{"height":460.00000726368864,"left":610.51806640625,"rotation":-3.5098526617609687,"top":906.3251953125,"width":405.0026309069643}},"textAngle":0.0},"sticker":{"path":"Replace_Image 01.png","type":"file"}}}],"width":1080.0}