{"background":{"backgroundImage":{"path":"Bg_Art 6.png","type":"file"},"blurValue":0.0,"canModifyValue":false,"isBlur":false,"type":"blur"},"frameWidth":0.0,"height":1480.0,"items":[{"sticker":{"itemAttrs":{"canModify":false,"itemID":"Fixed_ 05","shape":{"figma":{"height":712.0000240425778,"left":451.25,"rotation":-3.8051661863204034,"top":75.0,"width":630.3573821255402}},"textAngle":0.0},"sticker":{"path":"Fixed_ 05.png","type":"file"}}},{"sticker":{"itemAttrs":{"canModify":false,"itemID":"Fixed_ 04","shape":{"figma":{"height":652.8614501953125,"left":69.0,"rotation":-0.0,"top":789.0,"width":578.0}},"textAngle":0.0},"sticker":{"path":"Fixed_ 04.png","type":"file"}}},{"sticker":{"itemAttrs":{"canModify":true,"itemID":"Replace_Image 02","shape":{"figma":{"height":507.6306860951979,"left":466.498046875,"rotation":4.021185081816085,"top":174.1328125,"width":504.0515539458424}},"textAngle":0.0},"sticker":{"path":"Replace_Image 02.png","type":"file"}}},{"sticker":{"itemAttrs":{"canModify":true,"itemID":"Replace_Image 01","shape":{"figma":{"height":465.46699395626837,"left":88.98242187499997,"rotation":7.826352899695954,"top":878.7734375,"width":462.185164023746}},"textAngle":0.0},"sticker":{"path":"Replace_Image 01.png","type":"file"}}},{"sticker":{"itemAttrs":{"canModify":false,"itemID":"Fixed_ 03","shape":{"figma":{"height":197.0,"left":798.0,"rotation":-0.0,"top":40.0,"width":247.0}},"textAngle":0.0},"sticker":{"path":"Fixed_ 03.png","type":"file"}}},{"sticker":{"itemAttrs":{"canModify":false,"itemID":"Fixed_ 02","shape":{"figma":{"height":588.5867440679248,"left":100.2802734375,"rotation":-8.548937739268027,"top":183.0,"width":414.6150605051689}},"textAngle":0.0},"sticker":{"path":"Fixed_ 02.png","type":"file"}}},{"sticker":{"itemAttrs":{"canModify":false,"itemID":"Fixed_ 01","shape":{"figma":{"height":977.0,"left":569.0,"rotation":-0.0,"top":503.0,"width":481.0}},"textAngle":0.0},"sticker":{"path":"Fixed_ 01.png","type":"file"}}}],"width":1080.0}