{"background":{"backgroundImage":{"path":"Bg_Life 7.png","type":"file"},"blurValue":0.0,"canModifyValue":false,"isBlur":false,"type":"blur"},"frameWidth":0.0,"height":1480.0,"items":[{"sticker":{"itemAttrs":{"canModify":true,"itemID":"Replace_Image 1","shape":{"figma":{"height":1022.0,"left":165.0,"rotation":-4.969616689786745E-17,"top":217.0,"width":736.0}},"textAngle":0.0},"sticker":{"path":"Replace_Image 1.png","type":"file"}}},{"sticker":{"itemAttrs":{"canModify":false,"itemID":"Fixed_ 1","shape":{"figma":{"height":1174.0,"left":102.0,"rotation":-0.0,"top":153.0,"width":877.0}},"textAngle":0.0},"sticker":{"path":"Fixed_ 1.png","type":"file"}}},{"text":{"itemAttrs":{"canModify":true,"itemID":"55:416","shape":{"figma":{"height":108.0,"left":93.0,"rotation":-0.0,"top":1185.0,"width":518.0}},"textAngle":0.0},"textAttrs":{"alignment":0.0,"backgroundAlpha":255.0,"backgroundBorder":0.0,"backgroundColor":0.0,"fontFamily":"Courgette","fontIndex":26.0,"gravity":0.0,"isAutoFill":false,"isBold":false,"isRTL":false,"isShowBackground":false,"isStrike":false,"isStroke":false,"isUnderline":false,"letterSpacing":0.0,"lineSpacingMultiplier":1.0,"paddingHeight":0.0,"paddingWidth":0.0,"skewX":0.0,"strokeWidth":1.0,"text":"Lifestyle","textAlpha":255.0,"textColor":-1,"textShaderIndex":-1.0,"textShadowIndex":0.0,"textSize":120.0,"textStyle":0.0}}}],"width":1080.0}