{"background":{"backgroundImage":{"path":"Bg_Family 5.png","type":"file"},"blurValue":0.0,"canModifyValue":false,"isBlur":false,"type":"blur"},"frameWidth":0.0,"height":1480.0,"items":[{"sticker":{"itemAttrs":{"canModify":false,"itemID":"Fixed_ 04","shape":{"figma":{"height":560.0000172314907,"left":85.2998046875,"rotation":2.488961666976453,"top":163.33135986328125,"width":708.0000217855275}},"textAngle":0.0},"sticker":{"path":"Fixed_ 04.png","type":"file"}}},{"sticker":{"itemAttrs":{"canModify":false,"itemID":"Fixed_ 03","shape":{"figma":{"height":622.0000234751711,"left":196.43377685546875,"rotation":-5.200237277201032,"top":750.7374267578125,"width":784.0000295892831}},"textAngle":0.0},"sticker":{"path":"Fixed_ 03.png","type":"file"}}},{"sticker":{"itemAttrs":{"canModify":true,"itemID":"Replace_Image 02","shape":{"figma":{"height":468.00000741151115,"left":124.23291015625,"rotation":2.2525768180731203,"top":223.00683593750003,"width":642.000010167073}},"textAngle":0.0},"sticker":{"path":"Replace_Image 02.png","type":"file"}}},{"sticker":{"itemAttrs":{"canModify":true,"itemID":"Replace_Image 01","shape":{"figma":{"height":505.99997988347025,"left":224.6490478515625,"rotation":-5.276495934394241,"top":829.877685546875,"width":717.9999714552008}},"textAngle":0.0},"sticker":{"path":"Replace_Image 01.png","type":"file"}}},{"sticker":{"itemAttrs":{"canModify":false,"itemID":"Fixed_ 02","shape":{"figma":{"height":458.0,"left":784.0,"rotation":-0.0,"top":215.0,"width":256.0}},"textAngle":0.0},"sticker":{"path":"Fixed_ 02.png","type":"file"}}},{"sticker":{"itemAttrs":{"canModify":false,"itemID":"Fixed_ 01","shape":{"figma":{"height":460.0,"left":0.0,"rotation":-0.0,"top":1020.0,"width":354.0}},"textAngle":0.0},"sticker":{"path":"Fixed_ 01.png","type":"file"}}}],"width":1080.0}